{"stats":{"minecraft:custom":{"minecraft:interact_with_furnace":14,"minecraft:mob_kills":9,"minecraft:interact_with_crafting_table":18,"minecraft:time_since_death":32983,"minecraft:time_since_rest":32983,"minecraft:sprint_one_cm":72029,"minecraft:damage_taken":405,"minecraft:walk_one_cm":66683,"minecraft:drop":2,"minecraft:damage_dealt":1098,"minecraft:swim_one_cm":902,"minecraft:fly_one_cm":65489,"minecraft:open_chest":8,"minecraft:crouch_one_cm":2505,"minecraft:play_time":32983,"minecraft:sneak_time":1199,"minecraft:walk_under_water_one_cm":583,"minecraft:jump":338,"minecraft:interact_with_blast_furnace":6,"minecraft:walk_on_water_one_cm":3774,"minecraft:interact_with_smoker":6,"minecraft:total_world_time":32983,"minecraft:fall_one_cm":9223},"minecraft:crafted":{"minecraft:cooked_beef":3,"minecraft:smooth_stone":3,"minecraft:cooked_porkchop":1,"minecraft:crafting_table":1,"minecraft:cooked_chicken":1,"minecraft:furnace":2,"minecraft:blast_furnace":1,"minecraft:stone":7,"minecraft:stone_axe":1,"minecraft:cooked_mutton":6,"minecraft:air":0,"minecraft:charcoal":1,"minecraft:stick":20,"minecraft:iron_ingot":11,"minecraft:iron_pickaxe":1,"minecraft:stone_pickaxe":2,"minecraft:stone_sword":1,"minecraft:white_bed":1,"minecraft:acacia_planks":40,"minecraft:torch":24},"minecraft:mined":{"minecraft:acacia_leaves":1,"minecraft:crafting_table":1,"minecraft:glow_lichen":1,"minecraft:granite":1,"minecraft:acacia_log":17,"minecraft:grass_block":2,"minecraft:copper_ore":7,"minecraft:diorite":3,"minecraft:furnace":1,"minecraft:iron_ore":36,"minecraft:andesite":1,"minecraft:grass":10,"minecraft:coal_ore":35,"minecraft:gravel":2,"minecraft:stone":45},"minecraft:killed":{"minecraft:pig":1,"minecraft:sheep":4,"minecraft:skeleton":2,"minecraft:chicken":1,"minecraft:cow":1},"minecraft:used":{"minecraft:cooked_mutton":1,"minecraft:stone_sword":1,"minecraft:stone_pickaxe":132,"minecraft:cooked_chicken":1,"minecraft:torch":20,"minecraft:dirt":2,"minecraft:crafting_table":2,"minecraft:blast_furnace":1,"minecraft:white_bed":1,"minecraft:granite":1,"minecraft:stone_axe":33,"minecraft:cobblestone":3,"minecraft:furnace":2,"minecraft:cooked_porkchop":1,"minecraft:cooked_beef":2},"minecraft:dropped":{"minecraft:wheat_seeds":1,"minecraft:acacia_sapling":1},"minecraft:picked_up":{"minecraft:crafting_table":1,"minecraft:chicken":1,"minecraft:andesite":1,"minecraft:dirt":2,"minecraft:raw_copper":28,"minecraft:bone":1,"minecraft:wheat_seeds":1,"minecraft:beef":3,"minecraft:acacia_sapling":1,"minecraft:furnace":1,"minecraft:raw_iron":36,"minecraft:acacia_log":17,"minecraft:gravel":2,"minecraft:porkchop":1,"minecraft:diorite":3,"minecraft:arrow":4,"minecraft:granite":1,"minecraft:mutton":6,"minecraft:coal":35,"minecraft:white_wool":4,"minecraft:cobblestone":52}},"DataVersion":3465}