{"stats":{"minecraft:custom":{"minecraft:interact_with_furnace":20,"minecraft:mob_kills":35,"minecraft:interact_with_crafting_table":28,"minecraft:interact_with_grindstone":2,"minecraft:interact_with_stonecutter":1,"minecraft:time_since_death":165811,"minecraft:climb_one_cm":1226,"minecraft:time_since_rest":165811,"minecraft:damage_absorbed":40,"minecraft:sprint_one_cm":223734,"minecraft:damage_taken":1361,"minecraft:walk_one_cm":356852,"minecraft:damage_blocked_by_shield":525,"minecraft:drop":45,"minecraft:damage_dealt":5702,"minecraft:swim_one_cm":41978,"minecraft:fly_one_cm":161396,"minecraft:open_chest":16,"minecraft:crouch_one_cm":10087,"minecraft:play_time":165811,"minecraft:sneak_time":5013,"minecraft:walk_under_water_one_cm":12600,"minecraft:boat_one_cm":131310,"minecraft:jump":1684,"minecraft:interact_with_blast_furnace":36,"minecraft:walk_on_water_one_cm":87670,"minecraft:total_world_time":165811,"minecraft:interact_with_smoker":7,"minecraft:fall_one_cm":30873},"minecraft:broken":{"minecraft:stone_pickaxe":2,"minecraft:iron_pickaxe":3},"minecraft:crafted":{"minecraft:cooked_beef":3,"minecraft:oak_planks":20,"minecraft:smooth_stone":3,"minecraft:cooked_porkchop":1,"minecraft:crafting_table":2,"minecraft:cooked_chicken":1,"minecraft:iron_helmet":1,"minecraft:furnace":3,"minecraft:blast_furnace":1,"minecraft:stone":7,"minecraft:stone_axe":1,"minecraft:cooked_mutton":10,"minecraft:air":0,"minecraft:deepslate_brick_stairs":2,"minecraft:oak_boat":1,"minecraft:iron_boots":1,"minecraft:iron_chestplate":1,"minecraft:charcoal":1,"minecraft:shield":1,"minecraft:iron_axe":1,"minecraft:stick":80,"minecraft:iron_ingot":94,"minecraft:iron_pickaxe":4,"minecraft:stone_pickaxe":2,"minecraft:stone_sword":1,"minecraft:chest":2,"minecraft:iron_leggings":2,"minecraft:gold_ingot":14,"minecraft:white_bed":1,"minecraft:acacia_planks":64,"minecraft:torch":236},"minecraft:mined":{"minecraft:deepslate_redstone_ore":42,"minecraft:tuff":32,"minecraft:acacia_leaves":1,"minecraft:deepslate_diamond_ore":11,"minecraft:kelp_plant":1,"minecraft:torch":1,"minecraft:crafting_table":4,"minecraft:glow_lichen":1,"minecraft:granite":8,"minecraft:blast_furnace":2,"minecraft:acacia_log":17,"minecraft:grass_block":2,"minecraft:copper_ore":7,"minecraft:deepslate_coal_ore":11,"minecraft:lapis_ore":6,"minecraft:deepslate_gold_ore":12,"minecraft:diorite":16,"minecraft:deepslate_copper_ore":8,"minecraft:redstone_ore":4,"minecraft:furnace":2,"minecraft:cobbled_deepslate":6,"minecraft:iron_ore":62,"minecraft:andesite":15,"minecraft:grass":10,"minecraft:oak_log":15,"minecraft:coal_ore":83,"minecraft:deepslate_iron_ore":89,"minecraft:gravel":47,"minecraft:dirt":4,"minecraft:smooth_basalt":2,"minecraft:stone":357,"minecraft:gold_ore":14,"minecraft:oak_leaves":15,"minecraft:deepslate":427},"minecraft:killed":{"minecraft:pig":1,"minecraft:creeper":1,"minecraft:sheep":7,"minecraft:skeleton":11,"minecraft:zombie":12,"minecraft:chicken":1,"minecraft:cow":1},"minecraft:used":{"minecraft:cooked_mutton":8,"minecraft:stone_sword":1,"minecraft:stone_pickaxe":262,"minecraft:chest":2,"minecraft:shield":13,"minecraft:cooked_chicken":1,"minecraft:rotten_flesh":22,"minecraft:torch":228,"minecraft:golden_apple":1,"minecraft:dirt":3,"minecraft:crafting_table":6,"minecraft:blast_furnace":3,"minecraft:white_bed":1,"minecraft:tuff":10,"minecraft:granite":1,"minecraft:iron_axe":114,"minecraft:iron_pickaxe":960,"minecraft:stone_axe":39,"minecraft:cobblestone":80,"minecraft:furnace":3,"minecraft:cooked_porkchop":1,"minecraft:oak_boat":1,"minecraft:cooked_beef":3,"minecraft:cobbled_deepslate":63},"minecraft:dropped":{"minecraft:gravel":8,"minecraft:furnace":2,"minecraft:stone_axe":1,"minecraft:wheat_seeds":1,"minecraft:stone_sword":1,"minecraft:tuff":22,"minecraft:cobblestone":9,"minecraft:oak_planks":3,"minecraft:stone":12,"minecraft:diorite":22,"minecraft:andesite":13,"minecraft:brown_wool":1,"minecraft:acacia_sapling":1,"minecraft:acacia_planks":1,"minecraft:white_wool":3,"minecraft:smooth_basalt":2},"minecraft:picked_up":{"minecraft:crafting_table":4,"minecraft:chicken":1,"minecraft:andesite":13,"minecraft:brown_wool":1,"minecraft:flint":5,"minecraft:tuff":32,"minecraft:oak_log":18,"minecraft:gunpowder":1,"minecraft:lapis_lazuli":41,"minecraft:dirt":3,"minecraft:raw_copper":57,"minecraft:bone":6,"minecraft:wheat_seeds":1,"minecraft:cobbled_deepslate":404,"minecraft:raw_gold":26,"minecraft:beef":3,"minecraft:acacia_sapling":1,"minecraft:furnace":3,"minecraft:raw_iron":150,"minecraft:smooth_basalt":2,"minecraft:stone":8,"minecraft:torch":4,"minecraft:acacia_log":17,"minecraft:gravel":8,"minecraft:porkchop":1,"minecraft:blast_furnace":2,"minecraft:diorite":22,"minecraft:carrot":1,"minecraft:redstone":191,"minecraft:arrow":13,"minecraft:rotten_flesh":14,"minecraft:diamond":11,"minecraft:granite":1,"minecraft:mutton":10,"minecraft:coal":114,"minecraft:white_wool":6,"minecraft:cobblestone":315}},"DataVersion":3465}