{"stats":{"minecraft:custom":{"minecraft:time_since_rest":20983,"minecraft:interact_with_furnace":3,"minecraft:sprint_one_cm":66867,"minecraft:damage_taken":175,"minecraft:walk_one_cm":41274,"minecraft:mob_kills":8,"minecraft:drop":2,"minecraft:damage_dealt":808,"minecraft:swim_one_cm":902,"minecraft:interact_with_crafting_table":4,"minecraft:fly_one_cm":59707,"minecraft:open_chest":8,"minecraft:crouch_one_cm":1876,"minecraft:play_time":20983,"minecraft:sneak_time":1010,"minecraft:walk_under_water_one_cm":583,"minecraft:jump":260,"minecraft:interact_with_blast_furnace":1,"minecraft:walk_on_water_one_cm":3774,"minecraft:time_since_death":20983,"minecraft:total_world_time":20983,"minecraft:interact_with_smoker":6,"minecraft:fall_one_cm":7876},"minecraft:crafted":{"minecraft:cooked_beef":3,"minecraft:charcoal":1,"minecraft:cooked_porkchop":1,"minecraft:crafting_table":1,"minecraft:stick":12,"minecraft:cooked_chicken":1,"minecraft:stone_pickaxe":2,"minecraft:stone_sword":1,"minecraft:furnace":1,"minecraft:white_bed":1,"minecraft:acacia_planks":40,"minecraft:torch":20,"minecraft:stone_axe":1,"minecraft:cooked_mutton":6,"minecraft:air":0},"minecraft:mined":{"minecraft:acacia_leaves":1,"minecraft:furnace":1,"minecraft:iron_ore":13,"minecraft:andesite":1,"minecraft:granite":1,"minecraft:glow_lichen":1,"minecraft:crafting_table":1,"minecraft:grass":10,"minecraft:acacia_log":17,"minecraft:coal_ore":17,"minecraft:grass_block":2,"minecraft:gravel":2,"minecraft:copper_ore":7,"minecraft:stone":26,"minecraft:diorite":2},"minecraft:killed":{"minecraft:skeleton":1,"minecraft:sheep":4,"minecraft:pig":1,"minecraft:chicken":1,"minecraft:cow":1},"minecraft:used":{"minecraft:stone_sword":1,"minecraft:stone_pickaxe":71,"minecraft:cooked_chicken":1,"minecraft:stone_axe":28,"minecraft:torch":7,"minecraft:dirt":2,"minecraft:cobblestone":1,"minecraft:crafting_table":1,"minecraft:furnace":1,"minecraft:cooked_porkchop":1,"minecraft:white_bed":1,"minecraft:cooked_beef":1,"minecraft:granite":1},"minecraft:dropped":{"minecraft:wheat_seeds":1,"minecraft:acacia_sapling":1},"minecraft:picked_up":{"minecraft:raw_iron":13,"minecraft:crafting_table":1,"minecraft:chicken":1,"minecraft:andesite":1,"minecraft:acacia_log":17,"minecraft:gravel":2,"minecraft:porkchop":1,"minecraft:diorite":2,"minecraft:dirt":2,"minecraft:raw_copper":25,"minecraft:bone":1,"minecraft:arrow":2,"minecraft:wheat_seeds":1,"minecraft:granite":1,"minecraft:beef":3,"minecraft:coal":16,"minecraft:mutton":6,"minecraft:acacia_sapling":1,"minecraft:white_wool":4,"minecraft:cobblestone":26,"minecraft:furnace":1}},"DataVersion":3465}