{"stats":{"minecraft:custom":{"minecraft:interact_with_furnace":14,"minecraft:mob_kills":12,"minecraft:interact_with_crafting_table":23,"minecraft:time_since_death":74983,"minecraft:time_since_rest":74983,"minecraft:sprint_one_cm":104848,"minecraft:damage_taken":549,"minecraft:walk_one_cm":149203,"minecraft:damage_blocked_by_shield":60,"minecraft:drop":23,"minecraft:damage_dealt":1699,"minecraft:swim_one_cm":902,"minecraft:fly_one_cm":88284,"minecraft:open_chest":8,"minecraft:crouch_one_cm":6645,"minecraft:play_time":74983,"minecraft:sneak_time":3193,"minecraft:walk_under_water_one_cm":583,"minecraft:jump":591,"minecraft:interact_with_blast_furnace":17,"minecraft:walk_on_water_one_cm":3774,"minecraft:interact_with_smoker":6,"minecraft:total_world_time":74983,"minecraft:fall_one_cm":15807},"minecraft:broken":{"minecraft:stone_pickaxe":2,"minecraft:iron_pickaxe":2},"minecraft:crafted":{"minecraft:cooked_beef":3,"minecraft:smooth_stone":3,"minecraft:cooked_porkchop":1,"minecraft:crafting_table":1,"minecraft:iron_helmet":1,"minecraft:cooked_chicken":1,"minecraft:furnace":2,"minecraft:blast_furnace":1,"minecraft:stone":7,"minecraft:stone_axe":1,"minecraft:cooked_mutton":6,"minecraft:air":0,"minecraft:iron_chestplate":1,"minecraft:iron_boots":1,"minecraft:charcoal":1,"minecraft:shield":1,"minecraft:iron_axe":1,"minecraft:stick":40,"minecraft:iron_ingot":52,"minecraft:iron_pickaxe":3,"minecraft:stone_pickaxe":2,"minecraft:stone_sword":1,"minecraft:gold_ingot":10,"minecraft:iron_leggings":2,"minecraft:white_bed":1,"minecraft:acacia_planks":48,"minecraft:torch":84},"minecraft:mined":{"minecraft:deepslate_redstone_ore":4,"minecraft:tuff":2,"minecraft:acacia_leaves":1,"minecraft:crafting_table":3,"minecraft:glow_lichen":1,"minecraft:granite":8,"minecraft:blast_furnace":2,"minecraft:acacia_log":17,"minecraft:grass_block":2,"minecraft:copper_ore":7,"minecraft:deepslate_coal_ore":11,"minecraft:lapis_ore":6,"minecraft:diorite":16,"minecraft:deepslate_copper_ore":8,"minecraft:redstone_ore":4,"minecraft:furnace":2,"minecraft:iron_ore":61,"minecraft:andesite":15,"minecraft:grass":10,"minecraft:coal_ore":83,"minecraft:deepslate_iron_ore":9,"minecraft:gravel":3,"minecraft:dirt":4,"minecraft:smooth_basalt":2,"minecraft:stone":333,"minecraft:gold_ore":14,"minecraft:deepslate":249},"minecraft:killed":{"minecraft:pig":1,"minecraft:sheep":4,"minecraft:skeleton":4,"minecraft:zombie":1,"minecraft:chicken":1,"minecraft:cow":1},"minecraft:used":{"minecraft:cooked_mutton":3,"minecraft:stone_sword":1,"minecraft:stone_pickaxe":262,"minecraft:shield":2,"minecraft:cooked_chicken":1,"minecraft:torch":79,"minecraft:dirt":3,"minecraft:crafting_table":3,"minecraft:blast_furnace":2,"minecraft:white_bed":1,"minecraft:granite":1,"minecraft:iron_axe":9,"minecraft:iron_pickaxe":578,"minecraft:stone_axe":39,"minecraft:cobblestone":27,"minecraft:furnace":2,"minecraft:cooked_porkchop":1,"minecraft:cooked_beef":3},"minecraft:dropped":{"minecraft:gravel":6,"minecraft:furnace":2,"minecraft:stone_axe":1,"minecraft:wheat_seeds":1,"minecraft:stone_sword":1,"minecraft:tuff":2,"minecraft:cobblestone":2,"minecraft:stone":12,"minecraft:diorite":22,"minecraft:acacia_sapling":1,"minecraft:white_wool":1},"minecraft:picked_up":{"minecraft:crafting_table":3,"minecraft:chicken":1,"minecraft:andesite":13,"minecraft:tuff":2,"minecraft:lapis_lazuli":41,"minecraft:dirt":3,"minecraft:raw_copper":57,"minecraft:bone":1,"minecraft:wheat_seeds":1,"minecraft:cobbled_deepslate":244,"minecraft:raw_gold":14,"minecraft:beef":3,"minecraft:acacia_sapling":1,"minecraft:furnace":3,"minecraft:raw_iron":70,"minecraft:smooth_basalt":2,"minecraft:stone":8,"minecraft:torch":2,"minecraft:acacia_log":17,"minecraft:gravel":6,"minecraft:porkchop":1,"minecraft:blast_furnace":2,"minecraft:diorite":22,"minecraft:redstone":36,"minecraft:arrow":6,"minecraft:rotten_flesh":2,"minecraft:granite":1,"minecraft:mutton":6,"minecraft:coal":114,"minecraft:white_wool":4,"minecraft:cobblestone":315}},"DataVersion":3465}