{"stats":{"minecraft:custom":{"minecraft:interact_with_furnace":14,"minecraft:mob_kills":12,"minecraft:interact_with_crafting_table":22,"minecraft:time_since_death":50983,"minecraft:time_since_rest":50983,"minecraft:sprint_one_cm":94107,"minecraft:damage_taken":509,"minecraft:walk_one_cm":112644,"minecraft:damage_blocked_by_shield":60,"minecraft:drop":2,"minecraft:damage_dealt":1699,"minecraft:swim_one_cm":902,"minecraft:fly_one_cm":77180,"minecraft:open_chest":8,"minecraft:crouch_one_cm":6025,"minecraft:play_time":50983,"minecraft:sneak_time":2561,"minecraft:walk_under_water_one_cm":583,"minecraft:jump":491,"minecraft:interact_with_blast_furnace":13,"minecraft:walk_on_water_one_cm":3774,"minecraft:interact_with_smoker":6,"minecraft:total_world_time":50983,"minecraft:fall_one_cm":11669},"minecraft:broken":{"minecraft:stone_pickaxe":2},"minecraft:crafted":{"minecraft:cooked_beef":3,"minecraft:smooth_stone":3,"minecraft:cooked_porkchop":1,"minecraft:crafting_table":1,"minecraft:iron_helmet":1,"minecraft:cooked_chicken":1,"minecraft:furnace":2,"minecraft:blast_furnace":1,"minecraft:stone":7,"minecraft:stone_axe":1,"minecraft:cooked_mutton":6,"minecraft:air":0,"minecraft:iron_chestplate":1,"minecraft:iron_boots":1,"minecraft:charcoal":1,"minecraft:shield":1,"minecraft:iron_axe":1,"minecraft:stick":32,"minecraft:iron_ingot":50,"minecraft:iron_pickaxe":1,"minecraft:stone_pickaxe":2,"minecraft:stone_sword":1,"minecraft:gold_ingot":6,"minecraft:iron_leggings":2,"minecraft:white_bed":1,"minecraft:acacia_planks":40,"minecraft:torch":84},"minecraft:mined":{"minecraft:acacia_leaves":1,"minecraft:crafting_table":2,"minecraft:glow_lichen":1,"minecraft:granite":1,"minecraft:blast_furnace":1,"minecraft:acacia_log":17,"minecraft:grass_block":2,"minecraft:copper_ore":7,"minecraft:lapis_ore":1,"minecraft:diorite":4,"minecraft:furnace":2,"minecraft:iron_ore":53,"minecraft:andesite":14,"minecraft:grass":10,"minecraft:coal_ore":35,"minecraft:deepslate_iron_ore":3,"minecraft:gravel":3,"minecraft:dirt":4,"minecraft:smooth_basalt":2,"minecraft:stone":232,"minecraft:gold_ore":6,"minecraft:deepslate":58},"minecraft:killed":{"minecraft:pig":1,"minecraft:sheep":4,"minecraft:skeleton":4,"minecraft:zombie":1,"minecraft:chicken":1,"minecraft:cow":1},"minecraft:used":{"minecraft:cooked_mutton":2,"minecraft:stone_sword":1,"minecraft:stone_pickaxe":262,"minecraft:shield":2,"minecraft:cooked_chicken":1,"minecraft:torch":41,"minecraft:dirt":3,"minecraft:crafting_table":2,"minecraft:blast_furnace":1,"minecraft:white_bed":1,"minecraft:granite":1,"minecraft:iron_axe":8,"minecraft:iron_pickaxe":161,"minecraft:stone_axe":39,"minecraft:cobblestone":4,"minecraft:furnace":2,"minecraft:cooked_porkchop":1,"minecraft:cooked_beef":3},"minecraft:dropped":{"minecraft:wheat_seeds":1,"minecraft:acacia_sapling":1},"minecraft:picked_up":{"minecraft:crafting_table":2,"minecraft:chicken":1,"minecraft:andesite":12,"minecraft:lapis_lazuli":9,"minecraft:dirt":3,"minecraft:raw_copper":28,"minecraft:bone":1,"minecraft:wheat_seeds":1,"minecraft:cobbled_deepslate":58,"minecraft:raw_gold":6,"minecraft:beef":3,"minecraft:acacia_sapling":1,"minecraft:furnace":2,"minecraft:raw_iron":56,"minecraft:smooth_basalt":2,"minecraft:torch":1,"minecraft:acacia_log":17,"minecraft:gravel":3,"minecraft:porkchop":1,"minecraft:blast_furnace":1,"minecraft:diorite":4,"minecraft:arrow":6,"minecraft:rotten_flesh":2,"minecraft:granite":1,"minecraft:mutton":6,"minecraft:coal":55,"minecraft:white_wool":4,"minecraft:cobblestone":219}},"DataVersion":3465}