{"stats":{"minecraft:custom":{"minecraft:open_chest":8,"minecraft:time_since_rest":8983,"minecraft:interact_with_furnace":1,"minecraft:play_time":8983,"minecraft:sprint_one_cm":49158,"minecraft:walk_one_cm":19338,"minecraft:sneak_time":2,"minecraft:mob_kills":7,"minecraft:drop":2,"minecraft:jump":138,"minecraft:damage_dealt":563,"minecraft:interact_with_blast_furnace":1,"minecraft:time_since_death":8983,"minecraft:walk_on_water_one_cm":3063,"minecraft:interact_with_smoker":1,"minecraft:total_world_time":8983,"minecraft:interact_with_crafting_table":2,"minecraft:fall_one_cm":2775,"minecraft:fly_one_cm":32972},"minecraft:crafted":{"minecraft:stone_sword":1,"minecraft:acacia_planks":40,"minecraft:cooked_porkchop":1,"minecraft:stone_axe":1,"minecraft:stick":12,"minecraft:air":0,"minecraft:stone_pickaxe":2},"minecraft:mined":{"minecraft:grass":10,"minecraft:acacia_log":10,"minecraft:grass_block":1,"minecraft:acacia_leaves":1},"minecraft:killed":{"minecraft:sheep":4,"minecraft:pig":1,"minecraft:chicken":1,"minecraft:cow":1},"minecraft:used":{"minecraft:stone_axe":15,"minecraft:dirt":1,"minecraft:cooked_porkchop":1},"minecraft:dropped":{"minecraft:wheat_seeds":1,"minecraft:acacia_sapling":1},"minecraft:picked_up":{"minecraft:chicken":1,"minecraft:wheat_seeds":1,"minecraft:acacia_log":10,"minecraft:beef":3,"minecraft:porkchop":1,"minecraft:mutton":6,"minecraft:white_wool":4,"minecraft:acacia_sapling":1,"minecraft:dirt":1}},"DataVersion":3465}