{"stats":{"minecraft:killed":{"minecraft:spider":2,"minecraft:skeleton":11,"minecraft:horse":3,"minecraft:chicken":1,"minecraft:pig":1,"minecraft:creeper":1,"minecraft:sheep":8,"minecraft:zombie":13,"minecraft:donkey":2,"minecraft:cow":21},"minecraft:dropped":{"minecraft:wheat_seeds":1,"minecraft:feather":1,"minecraft:cobblestone":9,"minecraft:diorite":22,"minecraft:brown_wool":1,"minecraft:string":1,"minecraft:tripwire_hook":1,"minecraft:white_wool":4,"minecraft:acacia_planks":1,"minecraft:dandelion":1,"minecraft:smooth_basalt":2,"minecraft:gravel":8,"minecraft:furnace":2,"minecraft:stone_axe":1,"minecraft:stone_sword":1,"minecraft:tuff":22,"minecraft:clay_ball":8,"minecraft:oak_planks":3,"minecraft:stone":12,"minecraft:beetroot_seeds":3,"minecraft:andesite":13,"minecraft:acacia_sapling":1,"minecraft:bamboo":2},"minecraft:broken":{"minecraft:stone_pickaxe":2,"minecraft:iron_axe":4,"minecraft:iron_pickaxe":4},"minecraft:mined":{"minecraft:spruce_planks":4,"minecraft:tuff":32,"minecraft:white_bed":1,"minecraft:deepslate_diamond_ore":11,"minecraft:jungle_leaves":1,"minecraft:stripped_birch_log":1,"minecraft:brewing_stand":2,"minecraft:glow_lichen":1,"minecraft:granite":8,"minecraft:acacia_log":17,"minecraft:grass_block":43,"minecraft:jungle_log":2,"minecraft:spruce_leaves":144,"minecraft:hay_block":76,"minecraft:smooth_stone":1,"minecraft:redstone_ore":4,"minecraft:furnace":2,"minecraft:carrots":6,"minecraft:iron_ore":62,"minecraft:cobbled_deepslate":6,"minecraft:stripped_spruce_log":48,"minecraft:andesite":15,"minecraft:potatoes":10,"minecraft:deepslate_iron_ore":89,"minecraft:vine":1,"minecraft:stripped_oak_log":36,"minecraft:stone":357,"minecraft:podzol":43,"minecraft:deepslate_redstone_ore":42,"minecraft:acacia_leaves":1,"minecraft:kelp_plant":1,"minecraft:clay":1,"minecraft:oak_fence":1,"minecraft:crafting_table":4,"minecraft:torch":2,"minecraft:blast_furnace":3,"minecraft:copper_ore":7,"minecraft:tall_grass":5,"minecraft:cobblestone":2,"minecraft:deepslate_coal_ore":11,"minecraft:deepslate_gold_ore":12,"minecraft:lapis_ore":6,"minecraft:oak_planks":8,"minecraft:diorite":16,"minecraft:wall_torch":1,"minecraft:deepslate_copper_ore":8,"minecraft:birch_log":5,"minecraft:wheat":1,"minecraft:spruce_log":552,"minecraft:grass":23,"minecraft:oak_log":61,"minecraft:coal_ore":83,"minecraft:beetroots":1,"minecraft:oak_fence_gate":1,"minecraft:gravel":47,"minecraft:sand":7,"minecraft:dirt":82,"minecraft:smooth_basalt":2,"minecraft:stonecutter":1,"minecraft:gold_ore":14,"minecraft:oak_leaves":53,"minecraft:deepslate":427,"minecraft:fern":3},"minecraft:custom":{"minecraft:mob_kills":64,"minecraft:animals_bred":3,"minecraft:interact_with_crafting_table":63,"minecraft:leave_game":3,"minecraft:time_since_death":382518,"minecraft:climb_one_cm":4738,"minecraft:sprint_one_cm":586871,"minecraft:walk_one_cm":701493,"minecraft:damage_blocked_by_shield":525,"minecraft:drop":54,"minecraft:talked_to_villager":19,"minecraft:play_time":382518,"minecraft:sneak_time":6601,"minecraft:walk_under_water_one_cm":47483,"minecraft:boat_one_cm":131310,"minecraft:jump":4395,"minecraft:interact_with_blast_furnace":77,"minecraft:walk_on_water_one_cm":121641,"minecraft:total_world_time":382518,"minecraft:interact_with_furnace":22,"minecraft:interact_with_stonecutter":10,"minecraft:interact_with_grindstone":3,"minecraft:sleep_in_bed":6,"minecraft:time_since_rest":16273,"minecraft:damage_taken":2388,"minecraft:damage_absorbed":40,"minecraft:damage_dealt":9455,"minecraft:swim_one_cm":79974,"minecraft:fly_one_cm":782702,"minecraft:open_chest":168,"minecraft:crouch_one_cm":12053,"minecraft:interact_with_smoker":22,"minecraft:fall_one_cm":103825,"minecraft:inspect_dispenser":2,"minecraft:horse_one_cm":1073010},"minecraft:used":{"minecraft:beetroot":1,"minecraft:stone_sword":1,"minecraft:iron_shovel":199,"minecraft:spruce_planks":4,"minecraft:chest":6,"minecraft:shield":13,"minecraft:cooked_chicken":1,"minecraft:rotten_flesh":22,"minecraft:torch":235,"minecraft:dirt":130,"minecraft:jungle_planks":4,"minecraft:carrot":6,"minecraft:tuff":10,"minecraft:granite":1,"minecraft:iron_axe":1102,"minecraft:jungle_log":1,"minecraft:furnace":3,"minecraft:cooked_beef":6,"minecraft:potato":10,"minecraft:cobbled_deepslate":63,"minecraft:wheat_seeds":3,"minecraft:cooked_mutton":10,"minecraft:water_bucket":2,"minecraft:stripped_birch_log":1,"minecraft:baked_potato":23,"minecraft:stone_pickaxe":262,"minecraft:oak_planks":9,"minecraft:golden_apple":1,"minecraft:sand":6,"minecraft:crafting_table":6,"minecraft:blast_furnace":3,"minecraft:white_bed":1,"minecraft:spruce_log":1,"minecraft:bread":8,"minecraft:iron_pickaxe":994,"minecraft:spruce_sapling":20,"minecraft:stone_axe":39,"minecraft:cobblestone":82,"minecraft:cooked_porkchop":1,"minecraft:bucket":3,"minecraft:oak_boat":1,"minecraft:bone_meal":31},"minecraft:crafted":{"minecraft:smooth_stone":3,"minecraft:oak_planks":176,"minecraft:cobblestone_slab":12,"minecraft:iron_nugget":36,"minecraft:cooked_chicken":1,"minecraft:furnace":7,"minecraft:blast_furnace":1,"minecraft:cobblestone_stairs":28,"minecraft:stone":7,"minecraft:bone_meal":66,"minecraft:spruce_fence":90,"minecraft:cooked_mutton":12,"minecraft:iron_bars":16,"minecraft:oak_trapdoor":32,"minecraft:deepslate_brick_stairs":2,"minecraft:lantern":4,"minecraft:spruce_stairs":92,"minecraft:stone_brick_slab":2,"minecraft:iron_boots":1,"minecraft:iron_axe":8,"minecraft:ladder":18,"minecraft:spruce_slab":18,"minecraft:stone_pickaxe":2,"minecraft:cobblestone_wall":27,"minecraft:chest":6,"minecraft:oak_button":2,"minecraft:smoker":4,"minecraft:wheat":36,"minecraft:cooked_beef":35,"minecraft:cooked_porkchop":1,"minecraft:crafting_table":2,"minecraft:spruce_planks":1724,"minecraft:baked_potato":23,"minecraft:iron_helmet":1,"minecraft:copper_ingot":57,"minecraft:bucket":2,"minecraft:campfire":7,"minecraft:stone_axe":1,"minecraft:air":0,"minecraft:jungle_planks":4,"minecraft:oak_fence_gate":4,"minecraft:oak_boat":1,"minecraft:spruce_trapdoor":58,"minecraft:iron_chestplate":1,"minecraft:charcoal":1,"minecraft:shield":1,"minecraft:stick":252,"minecraft:iron_ingot":150,"minecraft:iron_pickaxe":6,"minecraft:oak_stairs":12,"minecraft:stone_sword":1,"minecraft:iron_shovel":1,"minecraft:gold_ingot":26,"minecraft:iron_leggings":2,"minecraft:white_bed":1,"minecraft:acacia_planks":64,"minecraft:spruce_fence_gate":4,"minecraft:torch":236},"minecraft:picked_up":{"minecraft:crafting_table":4,"minecraft:wheat":1,"minecraft:chicken":1,"minecraft:clay_ball":8,"minecraft:brewing_stand":2,"minecraft:string":1,"minecraft:raw_copper":57,"minecraft:beetroot":1,"minecraft:smooth_stone":1,"minecraft:cobbled_deepslate":404,"minecraft:spruce_planks":4,"minecraft:beef":45,"minecraft:jungle_sapling":1,"minecraft:furnace":3,"minecraft:egg":4,"minecraft:stick":48,"minecraft:raw_iron":150,"minecraft:stone":8,"minecraft:torch":7,"minecraft:acacia_log":17,"minecraft:porkchop":1,"minecraft:diorite":22,"minecraft:carrot":12,"minecraft:redstone":191,"minecraft:deepslate_tile_stairs":1,"minecraft:arrow":15,"minecraft:rotten_flesh":17,"minecraft:beetroot_seeds":3,"minecraft:hay_block":75,"minecraft:stripped_oak_log":36,"minecraft:mutton":12,"minecraft:white_wool":7,"minecraft:cobblestone":317,"minecraft:birch_log":5,"minecraft:tripwire_hook":1,"minecraft:andesite":13,"minecraft:jungle_log":2,"minecraft:brown_wool":1,"minecraft:leather":31,"minecraft:potato":33,"minecraft:flint":5,"minecraft:tuff":32,"minecraft:oak_log":64,"minecraft:gunpowder":1,"minecraft:lapis_lazuli":41,"minecraft:deepslate_tile_slab":2,"minecraft:stripped_birch_log":1,"minecraft:dirt":165,"minecraft:bone":6,"minecraft:apple":1,"minecraft:stonecutter":1,"minecraft:wheat_seeds":5,"minecraft:raw_gold":26,"minecraft:acacia_sapling":1,"minecraft:oak_planks":8,"minecraft:smooth_basalt":2,"minecraft:dandelion":1,"minecraft:gravel":8,"minecraft:sand":6,"minecraft:stripped_spruce_log":42,"minecraft:spruce_sapling":57,"minecraft:blast_furnace":3,"minecraft:white_bed":1,"minecraft:spruce_log":549,"minecraft:diamond":11,"minecraft:granite":1,"minecraft:oak_sapling":4,"minecraft:coal":114}},"DataVersion":3465}