{"stats":{"minecraft:picked_up":{"minecraft:crafting_table":4,"minecraft:wheat":1,"minecraft:chicken":1,"minecraft:clay_ball":8,"minecraft:brewing_stand":2,"minecraft:string":1,"minecraft:raw_copper":57,"minecraft:beetroot":1,"minecraft:smooth_stone":1,"minecraft:cobbled_deepslate":404,"minecraft:beef":41,"minecraft:furnace":3,"minecraft:egg":3,"minecraft:stick":33,"minecraft:raw_iron":150,"minecraft:stone":8,"minecraft:torch":4,"minecraft:acacia_log":17,"minecraft:porkchop":1,"minecraft:diorite":22,"minecraft:carrot":12,"minecraft:redstone":191,"minecraft:arrow":13,"minecraft:rotten_flesh":15,"minecraft:beetroot_seeds":3,"minecraft:hay_block":55,"minecraft:mutton":12,"minecraft:cobblestone":315,"minecraft:white_wool":7,"minecraft:stripped_oak_log":36,"minecraft:birch_log":5,"minecraft:tripwire_hook":1,"minecraft:andesite":13,"minecraft:jungle_log":2,"minecraft:brown_wool":1,"minecraft:leather":28,"minecraft:potato":33,"minecraft:flint":5,"minecraft:tuff":32,"minecraft:oak_log":64,"minecraft:gunpowder":1,"minecraft:stripped_birch_log":1,"minecraft:lapis_lazuli":41,"minecraft:dirt":25,"minecraft:bone":6,"minecraft:stonecutter":1,"minecraft:wheat_seeds":4,"minecraft:raw_gold":26,"minecraft:oak_planks":8,"minecraft:acacia_sapling":1,"minecraft:smooth_basalt":2,"minecraft:gravel":8,"minecraft:sand":1,"minecraft:spruce_sapling":43,"minecraft:blast_furnace":3,"minecraft:white_bed":1,"minecraft:spruce_log":210,"minecraft:diamond":11,"minecraft:granite":1,"minecraft:oak_sapling":3,"minecraft:coal":114},"minecraft:used":{"minecraft:beetroot":1,"minecraft:stone_sword":1,"minecraft:iron_shovel":45,"minecraft:chest":2,"minecraft:shield":13,"minecraft:cooked_chicken":1,"minecraft:rotten_flesh":22,"minecraft:torch":231,"minecraft:dirt":22,"minecraft:jungle_planks":4,"minecraft:carrot":6,"minecraft:tuff":10,"minecraft:granite":1,"minecraft:iron_axe":621,"minecraft:jungle_log":1,"minecraft:furnace":3,"minecraft:cooked_beef":3,"minecraft:potato":10,"minecraft:cobbled_deepslate":63,"minecraft:wheat_seeds":3,"minecraft:cooked_mutton":10,"minecraft:water_bucket":2,"minecraft:stripped_birch_log":1,"minecraft:oak_planks":8,"minecraft:stone_pickaxe":262,"minecraft:baked_potato":20,"minecraft:golden_apple":1,"minecraft:sand":1,"minecraft:crafting_table":6,"minecraft:blast_furnace":3,"minecraft:white_bed":1,"minecraft:spruce_log":1,"minecraft:bread":6,"minecraft:iron_pickaxe":974,"minecraft:stone_axe":39,"minecraft:cobblestone":80,"minecraft:cooked_porkchop":1,"minecraft:bucket":3,"minecraft:oak_boat":1},"minecraft:crafted":{"minecraft:smooth_stone":3,"minecraft:oak_planks":32,"minecraft:cooked_chicken":1,"minecraft:furnace":3,"minecraft:blast_furnace":1,"minecraft:stone":7,"minecraft:cooked_mutton":10,"minecraft:deepslate_brick_stairs":2,"minecraft:iron_boots":1,"minecraft:iron_axe":3,"minecraft:stone_pickaxe":2,"minecraft:chest":2,"minecraft:wheat":9,"minecraft:cooked_beef":3,"minecraft:cooked_porkchop":1,"minecraft:crafting_table":2,"minecraft:iron_helmet":1,"minecraft:baked_potato":23,"minecraft:copper_ingot":57,"minecraft:bucket":2,"minecraft:stone_axe":1,"minecraft:air":0,"minecraft:jungle_planks":4,"minecraft:oak_boat":1,"minecraft:iron_chestplate":1,"minecraft:charcoal":1,"minecraft:shield":1,"minecraft:stick":96,"minecraft:iron_ingot":150,"minecraft:iron_pickaxe":6,"minecraft:stone_sword":1,"minecraft:iron_shovel":1,"minecraft:iron_leggings":2,"minecraft:gold_ingot":26,"minecraft:white_bed":1,"minecraft:acacia_planks":64,"minecraft:torch":236},"minecraft:broken":{"minecraft:stone_pickaxe":2,"minecraft:iron_axe":3,"minecraft:iron_pickaxe":3},"minecraft:custom":{"minecraft:mob_kills":61,"minecraft:animals_bred":3,"minecraft:interact_with_crafting_table":32,"minecraft:leave_game":3,"minecraft:time_since_death":273968,"minecraft:climb_one_cm":4538,"minecraft:sprint_one_cm":487508,"minecraft:walk_one_cm":572576,"minecraft:damage_blocked_by_shield":525,"minecraft:drop":52,"minecraft:talked_to_villager":15,"minecraft:play_time":273968,"minecraft:sneak_time":5094,"minecraft:walk_under_water_one_cm":14172,"minecraft:boat_one_cm":131310,"minecraft:jump":3829,"minecraft:interact_with_blast_furnace":73,"minecraft:walk_on_water_one_cm":98933,"minecraft:total_world_time":273968,"minecraft:interact_with_furnace":22,"minecraft:interact_with_grindstone":2,"minecraft:interact_with_stonecutter":2,"minecraft:sleep_in_bed":4,"minecraft:time_since_rest":2825,"minecraft:damage_taken":2062,"minecraft:damage_absorbed":40,"minecraft:damage_dealt":9055,"minecraft:swim_one_cm":61996,"minecraft:fly_one_cm":672869,"minecraft:open_chest":55,"minecraft:crouch_one_cm":10475,"minecraft:interact_with_smoker":16,"minecraft:fall_one_cm":92061,"minecraft:inspect_dispenser":2},"minecraft:killed":{"minecraft:spider":2,"minecraft:skeleton":11,"minecraft:horse":3,"minecraft:chicken":1,"minecraft:pig":1,"minecraft:creeper":1,"minecraft:sheep":8,"minecraft:zombie":12,"minecraft:donkey":2,"minecraft:cow":19},"minecraft:dropped":{"minecraft:wheat_seeds":1,"minecraft:feather":1,"minecraft:cobblestone":9,"minecraft:diorite":22,"minecraft:brown_wool":1,"minecraft:string":1,"minecraft:tripwire_hook":1,"minecraft:white_wool":3,"minecraft:acacia_planks":1,"minecraft:smooth_basalt":2,"minecraft:gravel":8,"minecraft:furnace":2,"minecraft:stone_axe":1,"minecraft:stone_sword":1,"minecraft:tuff":22,"minecraft:clay_ball":8,"minecraft:oak_planks":3,"minecraft:stone":12,"minecraft:beetroot_seeds":3,"minecraft:andesite":13,"minecraft:acacia_sapling":1,"minecraft:bamboo":2},"minecraft:mined":{"minecraft:tuff":32,"minecraft:white_bed":1,"minecraft:deepslate_diamond_ore":11,"minecraft:stripped_birch_log":1,"minecraft:brewing_stand":2,"minecraft:glow_lichen":1,"minecraft:granite":8,"minecraft:acacia_log":17,"minecraft:grass_block":20,"minecraft:jungle_log":2,"minecraft:spruce_leaves":107,"minecraft:smooth_stone":1,"minecraft:hay_block":56,"minecraft:redstone_ore":4,"minecraft:furnace":2,"minecraft:carrots":6,"minecraft:iron_ore":62,"minecraft:cobbled_deepslate":6,"minecraft:andesite":15,"minecraft:potatoes":10,"minecraft:deepslate_iron_ore":89,"minecraft:vine":1,"minecraft:stripped_oak_log":36,"minecraft:stone":357,"minecraft:deepslate_redstone_ore":42,"minecraft:acacia_leaves":1,"minecraft:kelp_plant":1,"minecraft:clay":1,"minecraft:crafting_table":4,"minecraft:torch":1,"minecraft:blast_furnace":3,"minecraft:tall_grass":5,"minecraft:copper_ore":7,"minecraft:deepslate_coal_ore":11,"minecraft:lapis_ore":6,"minecraft:deepslate_gold_ore":12,"minecraft:oak_planks":8,"minecraft:diorite":16,"minecraft:deepslate_copper_ore":8,"minecraft:birch_log":5,"minecraft:wheat":1,"minecraft:spruce_log":212,"minecraft:grass":18,"minecraft:oak_log":61,"minecraft:coal_ore":83,"minecraft:beetroots":1,"minecraft:gravel":47,"minecraft:sand":1,"minecraft:dirt":8,"minecraft:smooth_basalt":2,"minecraft:stonecutter":1,"minecraft:gold_ore":14,"minecraft:oak_leaves":36,"minecraft:deepslate":427,"minecraft:fern":3}},"DataVersion":3465}