{"stats":{"minecraft:killed":{"minecraft:pig":13,"minecraft:salmon":2,"minecraft:spider":3,"minecraft:sheep":3,"minecraft:skeleton":5,"minecraft:zombie":17,"minecraft:chicken":6,"minecraft:cow":9},"minecraft:dropped":{"minecraft:stone_axe":1,"minecraft:wheat_seeds":5,"minecraft:cobbled_deepslate":7,"minecraft:feather":8,"minecraft:rotten_flesh":16,"minecraft:granite":1,"minecraft:stick":2,"minecraft:torch":1,"minecraft:diorite":20,"minecraft:sand":2,"minecraft:stone_pickaxe":1,"minecraft:wooden_pickaxe":1},"minecraft:broken":{"minecraft:iron_axe":1,"minecraft:iron_pickaxe":1},"minecraft:mined":{"minecraft:deepslate_redstone_ore":14,"minecraft:deepslate_diamond_ore":10,"minecraft:dandelion":2,"minecraft:oak_fence":19,"minecraft:crafting_table":3,"minecraft:torch":1,"minecraft:granite":12,"minecraft:acacia_log":6,"minecraft:grass_block":29,"minecraft:poppy":1,"minecraft:lectern":1,"minecraft:cobblestone":5,"minecraft:deepslate_gold_ore":11,"minecraft:sugar_cane":3,"minecraft:diorite":20,"minecraft:furnace":2,"minecraft:carrots":1,"minecraft:iron_ore":64,"minecraft:cobbled_deepslate":2,"minecraft:andesite":2,"minecraft:deepslate_lapis_ore":8,"minecraft:yellow_bed":3,"minecraft:grass":27,"minecraft:oak_log":236,"minecraft:bookshelf":4,"minecraft:potatoes":1,"minecraft:coal_ore":41,"minecraft:deepslate_iron_ore":13,"minecraft:sand":4,"minecraft:dirt":1,"minecraft:stone":107,"minecraft:gold_ore":2,"minecraft:oak_leaves":3,"minecraft:deepslate":13},"minecraft:custom":{"minecraft:interact_with_furnace":42,"minecraft:mob_kills":61,"minecraft:interact_with_crafting_table":22,"minecraft:time_since_death":74960,"minecraft:sleep_in_bed":2,"minecraft:time_since_rest":51382,"minecraft:sprint_one_cm":283417,"minecraft:damage_taken":1300,"minecraft:walk_one_cm":210746,"minecraft:damage_blocked_by_shield":530,"minecraft:drop":21,"minecraft:damage_dealt":8049,"minecraft:swim_one_cm":37806,"minecraft:talked_to_villager":2,"minecraft:fly_one_cm":334073,"minecraft:open_chest":14,"minecraft:crouch_one_cm":10589,"minecraft:play_time":74960,"minecraft:sneak_time":3326,"minecraft:walk_under_water_one_cm":12938,"minecraft:jump":1639,"minecraft:walk_on_water_one_cm":39202,"minecraft:total_world_time":74960,"minecraft:fall_one_cm":39180},"minecraft:used":{"minecraft:oak_fence":517,"minecraft:stone_pickaxe":64,"minecraft:poppy":1,"minecraft:chest":1,"minecraft:shield":10,"minecraft:wooden_pickaxe":16,"minecraft:iron_sword":74,"minecraft:torch":7,"minecraft:dirt":29,"minecraft:crafting_table":4,"minecraft:granite":1,"minecraft:apple":2,"minecraft:iron_axe":252,"minecraft:iron_pickaxe":250,"minecraft:iron_boots":1,"minecraft:stone_axe":68,"minecraft:diamond_sword":28,"minecraft:cobblestone":21,"minecraft:furnace":2,"minecraft:cooked_porkchop":7,"minecraft:andesite":2,"minecraft:yellow_bed":3,"minecraft:cooked_beef":14,"minecraft:cobbled_deepslate":13,"minecraft:dandelion":2,"minecraft:iron_leggings":1},"minecraft:crafted":{"minecraft:cooked_beef":14,"minecraft:oak_planks":944,"minecraft:diamond_sword":1,"minecraft:cooked_porkchop":23,"minecraft:crafting_table":2,"minecraft:wooden_pickaxe":1,"minecraft:iron_sword":1,"minecraft:stone_axe":1,"minecraft:cooked_mutton":3,"minecraft:air":0,"minecraft:diamond_helmet":1,"minecraft:iron_boots":1,"minecraft:iron_chestplate":1,"minecraft:diamond_pickaxe":1,"minecraft:shield":1,"minecraft:iron_axe":2,"minecraft:stick":404,"minecraft:iron_ingot":68,"minecraft:iron_pickaxe":2,"minecraft:stone_pickaxe":1,"minecraft:iron_leggings":1,"minecraft:chest":1,"minecraft:acacia_planks":24,"minecraft:torch":8,"minecraft:oak_fence":534},"minecraft:picked_up":{"minecraft:crafting_table":3,"minecraft:feather":8,"minecraft:chicken":6,"minecraft:salmon":2,"minecraft:andesite":2,"minecraft:leather":10,"minecraft:potato":1,"minecraft:oak_log":236,"minecraft:yellow_bed":3,"minecraft:lapis_lazuli":54,"minecraft:string":2,"minecraft:dirt":29,"minecraft:bone":4,"minecraft:apple":2,"minecraft:wheat_seeds":5,"minecraft:cobbled_deepslate":20,"minecraft:raw_gold":14,"minecraft:iron_ingot":1,"minecraft:beef":20,"minecraft:poppy":1,"minecraft:lectern":1,"minecraft:sugar_cane":7,"minecraft:egg":4,"minecraft:furnace":2,"minecraft:book":12,"minecraft:stick":7,"minecraft:raw_iron":75,"minecraft:sand":2,"minecraft:torch":2,"minecraft:oak_fence":19,"minecraft:dandelion":2,"minecraft:acacia_log":6,"minecraft:porkchop":23,"minecraft:diorite":20,"minecraft:carrot":1,"minecraft:redstone":61,"minecraft:arrow":3,"minecraft:rotten_flesh":16,"minecraft:diamond":10,"minecraft:granite":2,"minecraft:oak_sapling":13,"minecraft:mutton":3,"minecraft:coal":61,"minecraft:white_wool":3,"minecraft:cobblestone":102}},"DataVersion":3465}