{"stats":{"minecraft:killed":{"minecraft:pig":13,"minecraft:zombie_villager":1,"minecraft:salmon":2,"minecraft:spider":3,"minecraft:sheep":3,"minecraft:skeleton":5,"minecraft:zombie":18,"minecraft:chicken":6,"minecraft:cow":9},"minecraft:dropped":{"minecraft:stone_axe":1,"minecraft:wheat_seeds":8,"minecraft:cobbled_deepslate":7,"minecraft:feather":8,"minecraft:rotten_flesh":16,"minecraft:granite":1,"minecraft:stick":2,"minecraft:torch":1,"minecraft:diorite":20,"minecraft:sand":2,"minecraft:stone_pickaxe":1,"minecraft:wooden_pickaxe":1},"minecraft:broken":{"minecraft:iron_axe":1,"minecraft:iron_pickaxe":1},"minecraft:mined":{"minecraft:deepslate_redstone_ore":14,"minecraft:deepslate_diamond_ore":10,"minecraft:dandelion":2,"minecraft:oak_fence":22,"minecraft:crafting_table":3,"minecraft:torch":2,"minecraft:granite":12,"minecraft:acacia_log":6,"minecraft:grass_block":29,"minecraft:poppy":1,"minecraft:lectern":1,"minecraft:cobblestone":5,"minecraft:deepslate_gold_ore":11,"minecraft:oak_planks":5,"minecraft:sugar_cane":3,"minecraft:diorite":23,"minecraft:wheat":2,"minecraft:furnace":2,"minecraft:carrots":1,"minecraft:iron_ore":64,"minecraft:cobbled_deepslate":2,"minecraft:andesite":2,"minecraft:deepslate_lapis_ore":8,"minecraft:yellow_bed":3,"minecraft:grass":27,"minecraft:oak_log":236,"minecraft:bookshelf":4,"minecraft:potatoes":1,"minecraft:coal_ore":46,"minecraft:oak_stairs":2,"minecraft:deepslate_iron_ore":13,"minecraft:sand":4,"minecraft:dirt":1,"minecraft:stone":166,"minecraft:gold_ore":2,"minecraft:oak_leaves":3,"minecraft:deepslate":13},"minecraft:custom":{"minecraft:interact_with_furnace":52,"minecraft:mob_kills":63,"minecraft:interact_with_crafting_table":23,"minecraft:time_since_death":92960,"minecraft:sleep_in_bed":2,"minecraft:time_since_rest":69382,"minecraft:sprint_one_cm":390001,"minecraft:damage_taken":1690,"minecraft:walk_one_cm":239180,"minecraft:damage_blocked_by_shield":530,"minecraft:drop":24,"minecraft:damage_dealt":8449,"minecraft:swim_one_cm":64082,"minecraft:talked_to_villager":2,"minecraft:fly_one_cm":525396,"minecraft:open_chest":22,"minecraft:crouch_one_cm":10795,"minecraft:play_time":92960,"minecraft:sneak_time":4029,"minecraft:walk_under_water_one_cm":16742,"minecraft:jump":2351,"minecraft:walk_on_water_one_cm":41763,"minecraft:total_world_time":92960,"minecraft:fall_one_cm":56403},"minecraft:used":{"minecraft:wheat_seeds":2,"minecraft:oak_fence":522,"minecraft:oak_planks":6,"minecraft:stone_pickaxe":64,"minecraft:poppy":1,"minecraft:chest":1,"minecraft:shield":10,"minecraft:wooden_pickaxe":16,"minecraft:iron_sword":74,"minecraft:torch":114,"minecraft:dirt":29,"minecraft:crafting_table":4,"minecraft:granite":1,"minecraft:oak_stairs":2,"minecraft:apple":2,"minecraft:iron_axe":262,"minecraft:iron_pickaxe":318,"minecraft:iron_boots":1,"minecraft:stone_axe":68,"minecraft:diamond_sword":35,"minecraft:cobblestone":21,"minecraft:oak_sapling":13,"minecraft:furnace":2,"minecraft:cooked_porkchop":9,"minecraft:andesite":2,"minecraft:yellow_bed":3,"minecraft:bone_meal":12,"minecraft:cooked_beef":19,"minecraft:cobbled_deepslate":13,"minecraft:dandelion":2,"minecraft:iron_leggings":1},"minecraft:crafted":{"minecraft:cooked_beef":20,"minecraft:oak_planks":944,"minecraft:diamond_sword":1,"minecraft:cooked_porkchop":23,"minecraft:crafting_table":2,"minecraft:wooden_pickaxe":1,"minecraft:iron_sword":1,"minecraft:cooked_salmon":2,"minecraft:bone_meal":12,"minecraft:stone_axe":1,"minecraft:cooked_mutton":3,"minecraft:air":0,"minecraft:diamond_helmet":1,"minecraft:iron_boots":1,"minecraft:iron_chestplate":1,"minecraft:diamond_pickaxe":1,"minecraft:shield":1,"minecraft:iron_axe":2,"minecraft:stick":404,"minecraft:iron_ingot":74,"minecraft:iron_pickaxe":2,"minecraft:stone_pickaxe":1,"minecraft:iron_leggings":1,"minecraft:chest":1,"minecraft:acacia_planks":24,"minecraft:torch":112,"minecraft:oak_fence":534},"minecraft:picked_up":{"minecraft:crafting_table":3,"minecraft:wheat":1,"minecraft:feather":8,"minecraft:chicken":6,"minecraft:salmon":2,"minecraft:andesite":2,"minecraft:leather":10,"minecraft:oak_stairs":2,"minecraft:potato":1,"minecraft:oak_log":236,"minecraft:yellow_bed":3,"minecraft:lapis_lazuli":54,"minecraft:string":2,"minecraft:dirt":29,"minecraft:bone":4,"minecraft:apple":2,"minecraft:wheat_seeds":10,"minecraft:cobbled_deepslate":20,"minecraft:raw_gold":14,"minecraft:iron_ingot":1,"minecraft:beef":20,"minecraft:poppy":1,"minecraft:lectern":1,"minecraft:sugar_cane":7,"minecraft:oak_planks":5,"minecraft:egg":4,"minecraft:furnace":2,"minecraft:book":12,"minecraft:stick":7,"minecraft:raw_iron":75,"minecraft:sand":2,"minecraft:torch":3,"minecraft:oak_fence":22,"minecraft:dandelion":2,"minecraft:acacia_log":6,"minecraft:porkchop":23,"minecraft:diorite":23,"minecraft:carrot":1,"minecraft:redstone":61,"minecraft:arrow":3,"minecraft:rotten_flesh":16,"minecraft:diamond":10,"minecraft:granite":2,"minecraft:oak_sapling":13,"minecraft:mutton":3,"minecraft:coal":66,"minecraft:white_wool":3,"minecraft:cobblestone":160}},"DataVersion":3465}