{"stats":{"minecraft:killed":{"minecraft:pig":13,"minecraft:salmon":2,"minecraft:spider":1,"minecraft:sheep":3,"minecraft:skeleton":4,"minecraft:zombie":10,"minecraft:chicken":6,"minecraft:cow":6},"minecraft:dropped":{"minecraft:wheat_seeds":3,"minecraft:cobbled_deepslate":2,"minecraft:feather":8,"minecraft:rotten_flesh":5,"minecraft:wooden_pickaxe":1},"minecraft:mined":{"minecraft:deepslate_redstone_ore":5,"minecraft:deepslate_diamond_ore":10,"minecraft:crafting_table":2,"minecraft:granite":2,"minecraft:acacia_log":6,"minecraft:grass_block":2,"minecraft:lectern":1,"minecraft:cobblestone":5,"minecraft:sugar_cane":3,"minecraft:furnace":2,"minecraft:carrots":1,"minecraft:iron_ore":29,"minecraft:cobbled_deepslate":2,"minecraft:andesite":1,"minecraft:yellow_bed":3,"minecraft:grass":21,"minecraft:oak_log":5,"minecraft:bookshelf":4,"minecraft:potatoes":1,"minecraft:coal_ore":41,"minecraft:deepslate_iron_ore":9,"minecraft:stone":23,"minecraft:deepslate":5},"minecraft:custom":{"minecraft:interact_with_furnace":15,"minecraft:mob_kills":47,"minecraft:interact_with_crafting_table":8,"minecraft:time_since_death":26960,"minecraft:sleep_in_bed":2,"minecraft:time_since_rest":3382,"minecraft:sprint_one_cm":116789,"minecraft:damage_taken":729,"minecraft:walk_one_cm":68178,"minecraft:damage_blocked_by_shield":455,"minecraft:drop":7,"minecraft:damage_dealt":5420,"minecraft:swim_one_cm":1983,"minecraft:talked_to_villager":2,"minecraft:fly_one_cm":101053,"minecraft:open_chest":2,"minecraft:crouch_one_cm":5661,"minecraft:play_time":26960,"minecraft:sneak_time":1920,"minecraft:walk_under_water_one_cm":5174,"minecraft:jump":548,"minecraft:walk_on_water_one_cm":20795,"minecraft:total_world_time":26960,"minecraft:fall_one_cm":12176},"minecraft:used":{"minecraft:stone_pickaxe":56,"minecraft:shield":8,"minecraft:wooden_pickaxe":16,"minecraft:iron_sword":57,"minecraft:torch":3,"minecraft:dirt":2,"minecraft:crafting_table":2,"minecraft:granite":1,"minecraft:iron_pickaxe":63,"minecraft:stone_axe":68,"minecraft:cobblestone":21,"minecraft:furnace":1,"minecraft:cooked_porkchop":1,"minecraft:andesite":1,"minecraft:yellow_bed":2,"minecraft:cooked_beef":8,"minecraft:cobbled_deepslate":2},"minecraft:crafted":{"minecraft:cooked_beef":11,"minecraft:cooked_porkchop":17,"minecraft:crafting_table":1,"minecraft:wooden_pickaxe":1,"minecraft:iron_sword":1,"minecraft:stone_axe":1,"minecraft:air":0,"minecraft:iron_chestplate":1,"minecraft:shield":1,"minecraft:stick":12,"minecraft:iron_ingot":14,"minecraft:iron_pickaxe":1,"minecraft:stone_pickaxe":1,"minecraft:acacia_planks":24,"minecraft:torch":8},"minecraft:picked_up":{"minecraft:crafting_table":2,"minecraft:feather":8,"minecraft:chicken":6,"minecraft:salmon":2,"minecraft:andesite":1,"minecraft:leather":8,"minecraft:potato":1,"minecraft:oak_log":5,"minecraft:yellow_bed":3,"minecraft:dirt":2,"minecraft:bone":4,"minecraft:wheat_seeds":3,"minecraft:cobbled_deepslate":7,"minecraft:iron_ingot":1,"minecraft:beef":14,"minecraft:lectern":1,"minecraft:sugar_cane":7,"minecraft:egg":4,"minecraft:furnace":2,"minecraft:book":12,"minecraft:raw_iron":37,"minecraft:acacia_log":6,"minecraft:porkchop":23,"minecraft:carrot":1,"minecraft:redstone":23,"minecraft:arrow":3,"minecraft:rotten_flesh":5,"minecraft:diamond":10,"minecraft:granite":2,"minecraft:mutton":3,"minecraft:coal":61,"minecraft:white_wool":3,"minecraft:cobblestone":32}},"DataVersion":3465}