{"stats":{"minecraft:broken":{"minecraft:iron_axe":2,"minecraft:iron_pickaxe":2},"minecraft:custom":{"minecraft:mob_kills":80,"minecraft:animals_bred":2,"minecraft:interact_with_crafting_table":69,"minecraft:leave_game":2,"minecraft:time_since_death":231922,"minecraft:sprint_one_cm":925160,"minecraft:walk_one_cm":706749,"minecraft:damage_blocked_by_shield":905,"minecraft:drop":28,"minecraft:talked_to_villager":3,"minecraft:play_time":231922,"minecraft:sneak_time":13901,"minecraft:walk_under_water_one_cm":49534,"minecraft:jump":4530,"minecraft:walk_on_water_one_cm":59284,"minecraft:total_world_time":231922,"minecraft:interact_with_furnace":72,"minecraft:sleep_in_bed":7,"minecraft:time_since_rest":58761,"minecraft:damage_taken":2700,"minecraft:damage_dealt":11159,"minecraft:swim_one_cm":100223,"minecraft:fly_one_cm":978143,"minecraft:open_chest":63,"minecraft:crouch_one_cm":43403,"minecraft:fall_one_cm":120661},"minecraft:crafted":{"minecraft:oak_door":6,"minecraft:oak_planks":1768,"minecraft:oak_sign":18,"minecraft:iron_nugget":135,"minecraft:cooked_chicken":6,"minecraft:furnace":1,"minecraft:bone_meal":12,"minecraft:bookshelf":4,"minecraft:glass_pane":32,"minecraft:cooked_mutton":3,"minecraft:oak_trapdoor":34,"minecraft:lantern":16,"minecraft:glass":16,"minecraft:diamond_helmet":1,"minecraft:iron_boots":1,"minecraft:iron_axe":3,"minecraft:stone_pickaxe":1,"minecraft:cobblestone_wall":12,"minecraft:chest":3,"minecraft:oak_button":4,"minecraft:oak_fence":564,"minecraft:wheat":18,"minecraft:cooked_beef":20,"minecraft:oak_slab":102,"minecraft:diamond_sword":1,"minecraft:cauldron":1,"minecraft:cooked_porkchop":23,"minecraft:crafting_table":2,"minecraft:wooden_pickaxe":1,"minecraft:iron_sword":1,"minecraft:cooked_salmon":2,"minecraft:stone_axe":1,"minecraft:bread":4,"minecraft:air":0,"minecraft:oak_fence_gate":5,"minecraft:iron_chestplate":1,"minecraft:diamond_pickaxe":1,"minecraft:shield":1,"minecraft:stick":476,"minecraft:iron_ingot":78,"minecraft:iron_pickaxe":2,"minecraft:oak_stairs":224,"minecraft:iron_shovel":1,"minecraft:iron_leggings":1,"minecraft:acacia_planks":24,"minecraft:torch":156,"minecraft:shears":1},"minecraft:mined":{"minecraft:oak_sapling":9,"minecraft:deepslate_diamond_ore":10,"minecraft:granite":12,"minecraft:acacia_log":6,"minecraft:grass_block":219,"minecraft:oxeye_daisy":1,"minecraft:hay_block":2,"minecraft:oak_trapdoor":2,"minecraft:furnace":4,"minecraft:carrots":7,"minecraft:iron_ore":68,"minecraft:cobbled_deepslate":2,"minecraft:andesite":2,"minecraft:deepslate_lapis_ore":8,"minecraft:azure_bluet":1,"minecraft:bookshelf":4,"minecraft:potatoes":1,"minecraft:deepslate_iron_ore":13,"minecraft:dirt_path":1,"minecraft:oak_stairs":44,"minecraft:bamboo":1,"minecraft:stone":272,"minecraft:deepslate_redstone_ore":14,"minecraft:oak_slab":15,"minecraft:dandelion":10,"minecraft:oak_fence":38,"minecraft:crafting_table":5,"minecraft:cornflower":1,"minecraft:torch":7,"minecraft:poppy":2,"minecraft:lectern":1,"minecraft:tall_grass":10,"minecraft:cobblestone":307,"minecraft:deepslate_gold_ore":11,"minecraft:sugar_cane":16,"minecraft:oak_planks":14,"minecraft:diorite":31,"minecraft:wheat":2,"minecraft:yellow_bed":3,"minecraft:grass":67,"minecraft:oak_log":581,"minecraft:coal_ore":71,"minecraft:oak_fence_gate":2,"minecraft:sand":39,"minecraft:dirt":9,"minecraft:acacia_sign":1,"minecraft:oak_button":1,"minecraft:gold_ore":2,"minecraft:oak_leaves":115,"minecraft:deepslate":13},"minecraft:killed":{"minecraft:spider":7,"minecraft:skeleton":15,"minecraft:chicken":6,"minecraft:pig":13,"minecraft:zombie_villager":1,"minecraft:salmon":2,"minecraft:bat":1,"minecraft:sheep":3,"minecraft:zombie":18,"minecraft:cow":10},"minecraft:used":{"minecraft:oak_trapdoor":36,"minecraft:oak_fence":584,"minecraft:iron_shovel":239,"minecraft:poppy":2,"minecraft:oak_sign":14,"minecraft:chest":3,"minecraft:shield":15,"minecraft:iron_sword":74,"minecraft:cooked_salmon":2,"minecraft:cooked_chicken":6,"minecraft:oak_door":5,"minecraft:torch":131,"minecraft:dirt":42,"minecraft:cobblestone_wall":11,"minecraft:carrot":9,"minecraft:granite":1,"minecraft:azure_bluet":1,"minecraft:oak_fence_gate":7,"minecraft:bookshelf":4,"minecraft:lantern":16,"minecraft:iron_axe":754,"minecraft:oak_stairs":264,"minecraft:iron_boots":1,"minecraft:bamboo":4,"minecraft:oak_sapling":25,"minecraft:furnace":5,"minecraft:egg":3,"minecraft:cooked_beef":20,"minecraft:cobbled_deepslate":13,"minecraft:iron_leggings":1,"minecraft:wheat_seeds":2,"minecraft:cooked_mutton":3,"minecraft:diorite":10,"minecraft:stone_pickaxe":64,"minecraft:oak_planks":195,"minecraft:wooden_pickaxe":16,"minecraft:cauldron":1,"minecraft:oak_leaves":14,"minecraft:oak_slab":78,"minecraft:crafting_table":6,"minecraft:shears":54,"minecraft:oak_log":135,"minecraft:diamond_pickaxe":271,"minecraft:cornflower":1,"minecraft:apple":2,"minecraft:oxeye_daisy":1,"minecraft:oak_button":5,"minecraft:iron_pickaxe":499,"minecraft:stone_axe":68,"minecraft:diamond_sword":68,"minecraft:cobblestone":545,"minecraft:cooked_porkchop":23,"minecraft:andesite":2,"minecraft:glass_pane":26,"minecraft:yellow_bed":3,"minecraft:dandelion":3,"minecraft:bone_meal":12},"minecraft:dropped":{"minecraft:oak_slab":4,"minecraft:wheat_seeds":8,"minecraft:oak_log":2,"minecraft:feather":8,"minecraft:granite":1,"minecraft:stick":2,"minecraft:acacia_sign":1,"minecraft:diorite":20,"minecraft:torch":1,"minecraft:sand":2,"minecraft:stone_axe":1,"minecraft:cobbled_deepslate":7,"minecraft:rotten_flesh":16,"minecraft:wooden_pickaxe":1,"minecraft:stone_pickaxe":1,"minecraft:egg":1},"minecraft:picked_up":{"minecraft:crafting_table":5,"minecraft:wheat":1,"minecraft:azure_bluet":1,"minecraft:chicken":6,"minecraft:oak_stairs":43,"minecraft:cornflower":1,"minecraft:oak_trapdoor":2,"minecraft:string":6,"minecraft:cobbled_deepslate":20,"minecraft:acacia_sign":1,"minecraft:beef":21,"minecraft:poppy":3,"minecraft:lectern":1,"minecraft:sugar_cane":33,"minecraft:egg":10,"minecraft:furnace":4,"minecraft:stick":10,"minecraft:raw_iron":79,"minecraft:oak_fence":38,"minecraft:torch":10,"minecraft:acacia_log":6,"minecraft:porkchop":23,"minecraft:diorite":31,"minecraft:carrot":14,"minecraft:redstone":61,"minecraft:rotten_flesh":16,"minecraft:arrow":15,"minecraft:hay_block":2,"minecraft:mutton":3,"minecraft:white_wool":3,"minecraft:cobblestone":572,"minecraft:oxeye_daisy":2,"minecraft:feather":8,"minecraft:andesite":2,"minecraft:salmon":2,"minecraft:leather":11,"minecraft:potato":1,"minecraft:oak_log":581,"minecraft:yellow_bed":3,"minecraft:lapis_lazuli":54,"minecraft:dirt":225,"minecraft:bone":16,"minecraft:apple":3,"minecraft:wheat_seeds":19,"minecraft:raw_gold":14,"minecraft:oak_fence_gate":2,"minecraft:iron_ingot":1,"minecraft:bamboo":12,"minecraft:oak_planks":14,"minecraft:book":12,"minecraft:oak_slab":22,"minecraft:dandelion":13,"minecraft:sand":36,"minecraft:spider_eye":1,"minecraft:diamond":10,"minecraft:granite":2,"minecraft:oak_button":1,"minecraft:oak_sapling":36,"minecraft:coal":99,"minecraft:oak_leaves":54}},"DataVersion":3465}