{"stats":{"minecraft:killed":{"minecraft:pig":13,"minecraft:salmon":2,"minecraft:spider":2,"minecraft:sheep":3,"minecraft:skeleton":5,"minecraft:zombie":11,"minecraft:chicken":6,"minecraft:cow":6},"minecraft:dropped":{"minecraft:wheat_seeds":3,"minecraft:cobbled_deepslate":2,"minecraft:feather":8,"minecraft:rotten_flesh":8,"minecraft:granite":1,"minecraft:stick":2,"minecraft:wooden_pickaxe":1},"minecraft:broken":{"minecraft:iron_pickaxe":1},"minecraft:mined":{"minecraft:deepslate_redstone_ore":14,"minecraft:deepslate_diamond_ore":10,"minecraft:crafting_table":2,"minecraft:granite":12,"minecraft:acacia_log":6,"minecraft:grass_block":2,"minecraft:lectern":1,"minecraft:cobblestone":5,"minecraft:deepslate_gold_ore":11,"minecraft:sugar_cane":3,"minecraft:diorite":20,"minecraft:furnace":2,"minecraft:carrots":1,"minecraft:iron_ore":64,"minecraft:cobbled_deepslate":2,"minecraft:andesite":2,"minecraft:deepslate_lapis_ore":8,"minecraft:yellow_bed":3,"minecraft:grass":21,"minecraft:oak_log":5,"minecraft:bookshelf":4,"minecraft:potatoes":1,"minecraft:coal_ore":41,"minecraft:deepslate_iron_ore":13,"minecraft:sand":2,"minecraft:dirt":1,"minecraft:stone":107,"minecraft:gold_ore":2,"minecraft:deepslate":13},"minecraft:custom":{"minecraft:interact_with_furnace":15,"minecraft:mob_kills":51,"minecraft:interact_with_crafting_table":8,"minecraft:time_since_death":38960,"minecraft:sleep_in_bed":2,"minecraft:time_since_rest":15382,"minecraft:sprint_one_cm":149974,"minecraft:damage_taken":1102,"minecraft:walk_one_cm":89772,"minecraft:damage_blocked_by_shield":530,"minecraft:drop":11,"minecraft:damage_dealt":6398,"minecraft:swim_one_cm":9188,"minecraft:talked_to_villager":2,"minecraft:fly_one_cm":144123,"minecraft:open_chest":2,"minecraft:crouch_one_cm":8184,"minecraft:play_time":38960,"minecraft:sneak_time":2804,"minecraft:walk_under_water_one_cm":10352,"minecraft:jump":877,"minecraft:walk_on_water_one_cm":32991,"minecraft:total_world_time":38960,"minecraft:fall_one_cm":20253},"minecraft:used":{"minecraft:stone_pickaxe":64,"minecraft:shield":10,"minecraft:wooden_pickaxe":16,"minecraft:iron_sword":74,"minecraft:torch":6,"minecraft:dirt":2,"minecraft:crafting_table":2,"minecraft:granite":1,"minecraft:iron_pickaxe":250,"minecraft:stone_axe":68,"minecraft:cobblestone":21,"minecraft:furnace":1,"minecraft:cooked_porkchop":4,"minecraft:andesite":2,"minecraft:yellow_bed":2,"minecraft:cooked_beef":11,"minecraft:cobbled_deepslate":13},"minecraft:crafted":{"minecraft:cooked_beef":11,"minecraft:cooked_porkchop":17,"minecraft:crafting_table":1,"minecraft:wooden_pickaxe":1,"minecraft:iron_sword":1,"minecraft:stone_axe":1,"minecraft:air":0,"minecraft:iron_chestplate":1,"minecraft:shield":1,"minecraft:stick":12,"minecraft:iron_ingot":14,"minecraft:iron_pickaxe":1,"minecraft:stone_pickaxe":1,"minecraft:acacia_planks":24,"minecraft:torch":8},"minecraft:picked_up":{"minecraft:crafting_table":2,"minecraft:feather":8,"minecraft:chicken":6,"minecraft:salmon":2,"minecraft:andesite":2,"minecraft:leather":8,"minecraft:potato":1,"minecraft:oak_log":5,"minecraft:yellow_bed":3,"minecraft:lapis_lazuli":54,"minecraft:dirt":2,"minecraft:bone":4,"minecraft:wheat_seeds":3,"minecraft:cobbled_deepslate":20,"minecraft:raw_gold":14,"minecraft:iron_ingot":1,"minecraft:beef":14,"minecraft:lectern":1,"minecraft:sugar_cane":7,"minecraft:egg":4,"minecraft:furnace":2,"minecraft:book":12,"minecraft:stick":1,"minecraft:raw_iron":75,"minecraft:acacia_log":6,"minecraft:porkchop":23,"minecraft:diorite":20,"minecraft:carrot":1,"minecraft:redstone":61,"minecraft:arrow":3,"minecraft:rotten_flesh":8,"minecraft:diamond":10,"minecraft:granite":2,"minecraft:mutton":3,"minecraft:coal":61,"minecraft:white_wool":3,"minecraft:cobblestone":102}},"DataVersion":3465}