{"stats":{"minecraft:killed":{"minecraft:spider":5,"minecraft:skeleton":12,"minecraft:chicken":6,"minecraft:pig":13,"minecraft:zombie_villager":1,"minecraft:salmon":2,"minecraft:bat":1,"minecraft:sheep":3,"minecraft:zombie":18,"minecraft:cow":9},"minecraft:dropped":{"minecraft:wheat_seeds":8,"minecraft:feather":8,"minecraft:granite":1,"minecraft:stick":2,"minecraft:diorite":20,"minecraft:torch":1,"minecraft:sand":2,"minecraft:stone_axe":1,"minecraft:cobbled_deepslate":7,"minecraft:rotten_flesh":16,"minecraft:wooden_pickaxe":1,"minecraft:stone_pickaxe":1},"minecraft:broken":{"minecraft:iron_axe":1,"minecraft:iron_pickaxe":2},"minecraft:mined":{"minecraft:deepslate_diamond_ore":10,"minecraft:granite":12,"minecraft:acacia_log":6,"minecraft:grass_block":29,"minecraft:carrots":1,"minecraft:furnace":2,"minecraft:iron_ore":68,"minecraft:cobbled_deepslate":2,"minecraft:andesite":2,"minecraft:deepslate_lapis_ore":8,"minecraft:bookshelf":4,"minecraft:potatoes":1,"minecraft:dirt_path":1,"minecraft:deepslate_iron_ore":13,"minecraft:oak_stairs":2,"minecraft:stone":269,"minecraft:deepslate_redstone_ore":14,"minecraft:dandelion":2,"minecraft:oak_fence":23,"minecraft:crafting_table":3,"minecraft:torch":2,"minecraft:poppy":1,"minecraft:lectern":1,"minecraft:cobblestone":46,"minecraft:deepslate_gold_ore":11,"minecraft:sugar_cane":3,"minecraft:oak_planks":5,"minecraft:diorite":31,"minecraft:wheat":2,"minecraft:yellow_bed":3,"minecraft:grass":27,"minecraft:coal_ore":71,"minecraft:oak_log":236,"minecraft:sand":4,"minecraft:dirt":1,"minecraft:gold_ore":2,"minecraft:oak_leaves":3,"minecraft:deepslate":13},"minecraft:custom":{"minecraft:mob_kills":74,"minecraft:interact_with_crafting_table":23,"minecraft:time_since_death":104960,"minecraft:sprint_one_cm":410841,"minecraft:walk_one_cm":270225,"minecraft:damage_blocked_by_shield":875,"minecraft:drop":24,"minecraft:talked_to_villager":2,"minecraft:play_time":104960,"minecraft:sneak_time":4816,"minecraft:walk_under_water_one_cm":45751,"minecraft:jump":2525,"minecraft:walk_on_water_one_cm":53497,"minecraft:total_world_time":104960,"minecraft:interact_with_furnace":52,"minecraft:sleep_in_bed":2,"minecraft:time_since_rest":81382,"minecraft:damage_taken":2091,"minecraft:damage_dealt":10279,"minecraft:swim_one_cm":64132,"minecraft:fly_one_cm":546905,"minecraft:open_chest":22,"minecraft:crouch_one_cm":11916,"minecraft:fall_one_cm":60130},"minecraft:used":{"minecraft:oak_fence":523,"minecraft:poppy":1,"minecraft:chest":1,"minecraft:shield":14,"minecraft:iron_sword":74,"minecraft:cooked_salmon":2,"minecraft:torch":126,"minecraft:dirt":30,"minecraft:granite":1,"minecraft:iron_axe":264,"minecraft:oak_stairs":2,"minecraft:iron_boots":1,"minecraft:furnace":2,"minecraft:oak_sapling":13,"minecraft:cooked_beef":20,"minecraft:cobbled_deepslate":13,"minecraft:iron_leggings":1,"minecraft:wheat_seeds":2,"minecraft:diorite":10,"minecraft:stone_pickaxe":64,"minecraft:oak_planks":6,"minecraft:wooden_pickaxe":16,"minecraft:crafting_table":4,"minecraft:apple":2,"minecraft:iron_pickaxe":499,"minecraft:stone_axe":68,"minecraft:diamond_sword":64,"minecraft:cobblestone":131,"minecraft:cooked_porkchop":11,"minecraft:andesite":2,"minecraft:yellow_bed":3,"minecraft:dandelion":2,"minecraft:bone_meal":12},"minecraft:crafted":{"minecraft:oak_planks":944,"minecraft:bone_meal":12,"minecraft:cooked_mutton":3,"minecraft:diamond_helmet":1,"minecraft:iron_boots":1,"minecraft:iron_axe":2,"minecraft:stone_pickaxe":1,"minecraft:chest":1,"minecraft:oak_fence":534,"minecraft:cooked_beef":20,"minecraft:diamond_sword":1,"minecraft:cooked_porkchop":23,"minecraft:crafting_table":2,"minecraft:wooden_pickaxe":1,"minecraft:iron_sword":1,"minecraft:cooked_salmon":2,"minecraft:stone_axe":1,"minecraft:air":0,"minecraft:iron_chestplate":1,"minecraft:diamond_pickaxe":1,"minecraft:shield":1,"minecraft:stick":404,"minecraft:iron_ingot":74,"minecraft:iron_pickaxe":2,"minecraft:iron_leggings":1,"minecraft:acacia_planks":24,"minecraft:torch":124},"minecraft:picked_up":{"minecraft:crafting_table":3,"minecraft:wheat":1,"minecraft:chicken":6,"minecraft:oak_stairs":2,"minecraft:string":6,"minecraft:cobbled_deepslate":20,"minecraft:beef":20,"minecraft:poppy":1,"minecraft:lectern":1,"minecraft:sugar_cane":7,"minecraft:furnace":2,"minecraft:egg":4,"minecraft:raw_iron":79,"minecraft:stick":7,"minecraft:oak_fence":23,"minecraft:torch":3,"minecraft:acacia_log":6,"minecraft:porkchop":23,"minecraft:diorite":31,"minecraft:carrot":1,"minecraft:redstone":61,"minecraft:arrow":11,"minecraft:rotten_flesh":16,"minecraft:mutton":3,"minecraft:white_wool":3,"minecraft:cobblestone":312,"minecraft:feather":8,"minecraft:andesite":2,"minecraft:salmon":2,"minecraft:leather":10,"minecraft:potato":1,"minecraft:oak_log":236,"minecraft:yellow_bed":3,"minecraft:lapis_lazuli":54,"minecraft:dirt":30,"minecraft:bone":10,"minecraft:apple":2,"minecraft:wheat_seeds":10,"minecraft:raw_gold":14,"minecraft:iron_ingot":1,"minecraft:oak_planks":5,"minecraft:book":12,"minecraft:dandelion":2,"minecraft:sand":2,"minecraft:diamond":10,"minecraft:granite":2,"minecraft:oak_sapling":13,"minecraft:coal":91}},"DataVersion":3465}