{"stats":{"minecraft:broken":{"minecraft:iron_axe":2,"minecraft:iron_pickaxe":2},"minecraft:custom":{"minecraft:mob_kills":76,"minecraft:interact_with_crafting_table":41,"minecraft:leave_game":2,"minecraft:time_since_death":171922,"minecraft:sprint_one_cm":677836,"minecraft:walk_one_cm":497144,"minecraft:damage_blocked_by_shield":905,"minecraft:drop":27,"minecraft:talked_to_villager":3,"minecraft:play_time":171922,"minecraft:sneak_time":5765,"minecraft:walk_under_water_one_cm":46649,"minecraft:jump":3851,"minecraft:walk_on_water_one_cm":56359,"minecraft:total_world_time":171922,"minecraft:interact_with_furnace":60,"minecraft:sleep_in_bed":6,"minecraft:time_since_rest":22251,"minecraft:damage_taken":2293,"minecraft:damage_dealt":10499,"minecraft:swim_one_cm":85689,"minecraft:fly_one_cm":844015,"minecraft:open_chest":39,"minecraft:crouch_one_cm":16964,"minecraft:fall_one_cm":96292},"minecraft:crafted":{"minecraft:oak_door":3,"minecraft:oak_planks":1168,"minecraft:cooked_chicken":6,"minecraft:bone_meal":12,"minecraft:cooked_mutton":3,"minecraft:oak_trapdoor":18,"minecraft:diamond_helmet":1,"minecraft:iron_boots":1,"minecraft:iron_axe":3,"minecraft:stone_pickaxe":1,"minecraft:cobblestone_wall":12,"minecraft:chest":3,"minecraft:oak_fence":534,"minecraft:cooked_beef":20,"minecraft:oak_slab":6,"minecraft:diamond_sword":1,"minecraft:cooked_porkchop":23,"minecraft:crafting_table":2,"minecraft:wooden_pickaxe":1,"minecraft:iron_sword":1,"minecraft:cooked_salmon":2,"minecraft:stone_axe":1,"minecraft:air":0,"minecraft:oak_fence_gate":3,"minecraft:iron_chestplate":1,"minecraft:diamond_pickaxe":1,"minecraft:shield":1,"minecraft:stick":416,"minecraft:iron_ingot":74,"minecraft:iron_pickaxe":2,"minecraft:oak_stairs":20,"minecraft:iron_shovel":1,"minecraft:iron_leggings":1,"minecraft:acacia_planks":24,"minecraft:torch":124,"minecraft:shears":1},"minecraft:mined":{"minecraft:oak_sapling":2,"minecraft:deepslate_diamond_ore":10,"minecraft:granite":12,"minecraft:acacia_log":6,"minecraft:grass_block":198,"minecraft:oxeye_daisy":1,"minecraft:oak_trapdoor":2,"minecraft:furnace":2,"minecraft:carrots":1,"minecraft:iron_ore":68,"minecraft:cobbled_deepslate":2,"minecraft:andesite":2,"minecraft:deepslate_lapis_ore":8,"minecraft:azure_bluet":1,"minecraft:bookshelf":4,"minecraft:potatoes":1,"minecraft:deepslate_iron_ore":13,"minecraft:dirt_path":1,"minecraft:oak_stairs":3,"minecraft:stone":269,"minecraft:deepslate_redstone_ore":14,"minecraft:oak_slab":1,"minecraft:dandelion":9,"minecraft:oak_fence":25,"minecraft:crafting_table":5,"minecraft:cornflower":1,"minecraft:torch":5,"minecraft:poppy":2,"minecraft:lectern":1,"minecraft:tall_grass":9,"minecraft:cobblestone":291,"minecraft:deepslate_gold_ore":11,"minecraft:sugar_cane":16,"minecraft:oak_planks":8,"minecraft:diorite":31,"minecraft:wheat":2,"minecraft:yellow_bed":3,"minecraft:grass":62,"minecraft:oak_log":482,"minecraft:coal_ore":71,"minecraft:sand":4,"minecraft:dirt":9,"minecraft:acacia_sign":1,"minecraft:gold_ore":2,"minecraft:oak_leaves":106,"minecraft:deepslate":13},"minecraft:killed":{"minecraft:spider":6,"minecraft:skeleton":13,"minecraft:chicken":6,"minecraft:pig":13,"minecraft:zombie_villager":1,"minecraft:salmon":2,"minecraft:bat":1,"minecraft:sheep":3,"minecraft:zombie":18,"minecraft:cow":9},"minecraft:used":{"minecraft:oak_trapdoor":20,"minecraft:oak_fence":533,"minecraft:iron_shovel":181,"minecraft:poppy":1,"minecraft:chest":3,"minecraft:shield":15,"minecraft:iron_sword":74,"minecraft:cooked_salmon":2,"minecraft:cooked_chicken":4,"minecraft:oak_door":2,"minecraft:torch":129,"minecraft:dirt":39,"minecraft:cobblestone_wall":9,"minecraft:granite":1,"minecraft:azure_bluet":1,"minecraft:oak_fence_gate":3,"minecraft:iron_axe":549,"minecraft:oak_stairs":16,"minecraft:iron_boots":1,"minecraft:oak_sapling":25,"minecraft:furnace":2,"minecraft:egg":3,"minecraft:cooked_beef":20,"minecraft:cobbled_deepslate":13,"minecraft:iron_leggings":1,"minecraft:wheat_seeds":2,"minecraft:cooked_mutton":3,"minecraft:diorite":10,"minecraft:stone_pickaxe":64,"minecraft:oak_planks":132,"minecraft:wooden_pickaxe":16,"minecraft:oak_leaves":14,"minecraft:oak_slab":5,"minecraft:crafting_table":6,"minecraft:shears":54,"minecraft:oak_log":87,"minecraft:diamond_pickaxe":250,"minecraft:cornflower":1,"minecraft:apple":2,"minecraft:oxeye_daisy":1,"minecraft:iron_pickaxe":499,"minecraft:stone_axe":68,"minecraft:diamond_sword":68,"minecraft:cobblestone":468,"minecraft:cooked_porkchop":16,"minecraft:andesite":2,"minecraft:yellow_bed":3,"minecraft:dandelion":3,"minecraft:bone_meal":12},"minecraft:dropped":{"minecraft:oak_slab":4,"minecraft:wheat_seeds":8,"minecraft:feather":8,"minecraft:granite":1,"minecraft:stick":2,"minecraft:acacia_sign":1,"minecraft:diorite":20,"minecraft:torch":1,"minecraft:sand":2,"minecraft:stone_axe":1,"minecraft:cobbled_deepslate":7,"minecraft:rotten_flesh":16,"minecraft:wooden_pickaxe":1,"minecraft:stone_pickaxe":1,"minecraft:egg":1},"minecraft:picked_up":{"minecraft:crafting_table":5,"minecraft:wheat":1,"minecraft:azure_bluet":1,"minecraft:chicken":6,"minecraft:oak_stairs":3,"minecraft:cornflower":1,"minecraft:oak_trapdoor":2,"minecraft:string":6,"minecraft:cobbled_deepslate":20,"minecraft:acacia_sign":1,"minecraft:beef":20,"minecraft:poppy":2,"minecraft:lectern":1,"minecraft:sugar_cane":33,"minecraft:egg":8,"minecraft:furnace":2,"minecraft:stick":9,"minecraft:raw_iron":79,"minecraft:oak_fence":25,"minecraft:torch":8,"minecraft:acacia_log":6,"minecraft:porkchop":23,"minecraft:diorite":31,"minecraft:carrot":1,"minecraft:redstone":61,"minecraft:rotten_flesh":16,"minecraft:arrow":11,"minecraft:mutton":3,"minecraft:white_wool":3,"minecraft:cobblestone":553,"minecraft:oxeye_daisy":2,"minecraft:feather":8,"minecraft:andesite":2,"minecraft:salmon":2,"minecraft:leather":10,"minecraft:potato":1,"minecraft:oak_log":482,"minecraft:yellow_bed":3,"minecraft:lapis_lazuli":54,"minecraft:dirt":205,"minecraft:bone":12,"minecraft:apple":3,"minecraft:wheat_seeds":18,"minecraft:raw_gold":14,"minecraft:iron_ingot":1,"minecraft:oak_planks":8,"minecraft:book":12,"minecraft:oak_slab":5,"minecraft:dandelion":12,"minecraft:sand":2,"minecraft:diamond":10,"minecraft:granite":2,"minecraft:oak_sapling":27,"minecraft:coal":91,"minecraft:oak_leaves":54}},"DataVersion":3465}