{"stats":{"minecraft:killed":{"minecraft:pig":13,"minecraft:salmon":2,"minecraft:spider":2,"minecraft:sheep":3,"minecraft:skeleton":5,"minecraft:zombie":13,"minecraft:chicken":6,"minecraft:cow":6},"minecraft:dropped":{"minecraft:stone_axe":1,"minecraft:wheat_seeds":5,"minecraft:cobbled_deepslate":7,"minecraft:feather":8,"minecraft:rotten_flesh":8,"minecraft:granite":1,"minecraft:stick":2,"minecraft:torch":1,"minecraft:diorite":20,"minecraft:stone_pickaxe":1,"minecraft:wooden_pickaxe":1},"minecraft:broken":{"minecraft:iron_pickaxe":1},"minecraft:mined":{"minecraft:deepslate_redstone_ore":14,"minecraft:deepslate_diamond_ore":10,"minecraft:dandelion":2,"minecraft:oak_fence":16,"minecraft:crafting_table":2,"minecraft:torch":1,"minecraft:granite":12,"minecraft:acacia_log":6,"minecraft:grass_block":21,"minecraft:poppy":1,"minecraft:lectern":1,"minecraft:cobblestone":5,"minecraft:deepslate_gold_ore":11,"minecraft:sugar_cane":3,"minecraft:diorite":20,"minecraft:furnace":2,"minecraft:carrots":1,"minecraft:iron_ore":64,"minecraft:cobbled_deepslate":2,"minecraft:andesite":2,"minecraft:deepslate_lapis_ore":8,"minecraft:yellow_bed":3,"minecraft:grass":26,"minecraft:oak_log":152,"minecraft:bookshelf":4,"minecraft:potatoes":1,"minecraft:coal_ore":41,"minecraft:deepslate_iron_ore":13,"minecraft:sand":4,"minecraft:dirt":1,"minecraft:stone":107,"minecraft:gold_ore":2,"minecraft:oak_leaves":1,"minecraft:deepslate":13},"minecraft:custom":{"minecraft:interact_with_furnace":42,"minecraft:mob_kills":53,"minecraft:interact_with_crafting_table":19,"minecraft:time_since_death":62960,"minecraft:sleep_in_bed":2,"minecraft:time_since_rest":39382,"minecraft:sprint_one_cm":226100,"minecraft:damage_taken":1162,"minecraft:walk_one_cm":170335,"minecraft:damage_blocked_by_shield":530,"minecraft:drop":18,"minecraft:damage_dealt":6789,"minecraft:swim_one_cm":28492,"minecraft:talked_to_villager":2,"minecraft:fly_one_cm":257694,"minecraft:open_chest":13,"minecraft:crouch_one_cm":9604,"minecraft:play_time":62960,"minecraft:sneak_time":3142,"minecraft:walk_under_water_one_cm":12403,"minecraft:jump":1333,"minecraft:walk_on_water_one_cm":38078,"minecraft:total_world_time":62960,"minecraft:fall_one_cm":31214},"minecraft:used":{"minecraft:oak_fence":352,"minecraft:stone_pickaxe":64,"minecraft:poppy":1,"minecraft:chest":1,"minecraft:shield":10,"minecraft:wooden_pickaxe":16,"minecraft:iron_sword":74,"minecraft:torch":7,"minecraft:dirt":3,"minecraft:crafting_table":4,"minecraft:granite":1,"minecraft:iron_axe":166,"minecraft:iron_pickaxe":250,"minecraft:iron_boots":1,"minecraft:stone_axe":68,"minecraft:diamond_sword":6,"minecraft:cobblestone":21,"minecraft:furnace":2,"minecraft:cooked_porkchop":4,"minecraft:andesite":2,"minecraft:yellow_bed":3,"minecraft:cooked_beef":14,"minecraft:cobbled_deepslate":13,"minecraft:dandelion":2,"minecraft:iron_leggings":1},"minecraft:crafted":{"minecraft:cooked_beef":14,"minecraft:oak_planks":608,"minecraft:diamond_sword":1,"minecraft:cooked_porkchop":23,"minecraft:crafting_table":2,"minecraft:wooden_pickaxe":1,"minecraft:iron_sword":1,"minecraft:stone_axe":1,"minecraft:cooked_mutton":3,"minecraft:air":0,"minecraft:diamond_helmet":1,"minecraft:iron_boots":1,"minecraft:iron_chestplate":1,"minecraft:diamond_pickaxe":1,"minecraft:shield":1,"minecraft:iron_axe":1,"minecraft:stick":276,"minecraft:iron_ingot":68,"minecraft:iron_pickaxe":2,"minecraft:stone_pickaxe":1,"minecraft:iron_leggings":1,"minecraft:chest":1,"minecraft:acacia_planks":24,"minecraft:torch":8,"minecraft:oak_fence":342},"minecraft:picked_up":{"minecraft:crafting_table":2,"minecraft:feather":8,"minecraft:chicken":6,"minecraft:salmon":2,"minecraft:andesite":2,"minecraft:leather":8,"minecraft:potato":1,"minecraft:oak_log":152,"minecraft:yellow_bed":3,"minecraft:lapis_lazuli":54,"minecraft:dirt":21,"minecraft:bone":4,"minecraft:wheat_seeds":5,"minecraft:cobbled_deepslate":20,"minecraft:raw_gold":14,"minecraft:iron_ingot":1,"minecraft:beef":14,"minecraft:poppy":1,"minecraft:lectern":1,"minecraft:sugar_cane":7,"minecraft:egg":4,"minecraft:furnace":2,"minecraft:book":12,"minecraft:stick":1,"minecraft:raw_iron":75,"minecraft:sand":2,"minecraft:torch":2,"minecraft:oak_fence":16,"minecraft:dandelion":2,"minecraft:acacia_log":6,"minecraft:porkchop":23,"minecraft:diorite":20,"minecraft:carrot":1,"minecraft:redstone":61,"minecraft:arrow":3,"minecraft:rotten_flesh":8,"minecraft:diamond":10,"minecraft:granite":2,"minecraft:oak_sapling":5,"minecraft:mutton":3,"minecraft:coal":61,"minecraft:white_wool":3,"minecraft:cobblestone":102}},"DataVersion":3465}