{"stats":{"minecraft:killed":{"minecraft:sheep":3,"minecraft:pig":13,"minecraft:chicken":6,"minecraft:salmon":2,"minecraft:cow":6},"minecraft:dropped":{"minecraft:wheat_seeds":3,"minecraft:feather":8},"minecraft:mined":{"minecraft:carrots":1,"minecraft:furnace":1,"minecraft:yellow_bed":2,"minecraft:crafting_table":1,"minecraft:potatoes":1,"minecraft:bookshelf":4,"minecraft:grass":21,"minecraft:acacia_log":6,"minecraft:coal_ore":23,"minecraft:grass_block":2,"minecraft:oak_log":5,"minecraft:lectern":1,"minecraft:stone":16,"minecraft:sugar_cane":3},"minecraft:custom":{"minecraft:time_since_rest":4536,"minecraft:interact_with_furnace":7,"minecraft:sprint_one_cm":96016,"minecraft:damage_taken":20,"minecraft:walk_one_cm":39137,"minecraft:mob_kills":30,"minecraft:drop":3,"minecraft:damage_dealt":2440,"minecraft:talked_to_villager":2,"minecraft:swim_one_cm":1719,"minecraft:interact_with_crafting_table":3,"minecraft:fly_one_cm":80105,"minecraft:open_chest":2,"minecraft:crouch_one_cm":529,"minecraft:play_time":14960,"minecraft:sneak_time":152,"minecraft:walk_under_water_one_cm":1618,"minecraft:jump":359,"minecraft:time_since_death":14960,"minecraft:walk_on_water_one_cm":5505,"minecraft:sleep_in_bed":1,"minecraft:total_world_time":14960,"minecraft:fall_one_cm":8134},"minecraft:used":{"minecraft:stone_pickaxe":25,"minecraft:wooden_pickaxe":16,"minecraft:stone_axe":67,"minecraft:dirt":2,"minecraft:crafting_table":1,"minecraft:cooked_porkchop":1,"minecraft:yellow_bed":1,"minecraft:cooked_beef":1},"minecraft:crafted":{"minecraft:cooked_beef":11,"minecraft:cooked_porkchop":17,"minecraft:crafting_table":1,"minecraft:stick":8,"minecraft:wooden_pickaxe":1,"minecraft:stone_pickaxe":1,"minecraft:acacia_planks":24,"minecraft:torch":8,"minecraft:stone_axe":1,"minecraft:air":0},"minecraft:picked_up":{"minecraft:book":12,"minecraft:crafting_table":1,"minecraft:feather":8,"minecraft:chicken":6,"minecraft:salmon":2,"minecraft:leather":8,"minecraft:acacia_log":6,"minecraft:potato":1,"minecraft:porkchop":23,"minecraft:oak_log":5,"minecraft:carrot":1,"minecraft:yellow_bed":2,"minecraft:dirt":2,"minecraft:wheat_seeds":3,"minecraft:beef":14,"minecraft:lectern":1,"minecraft:sugar_cane":7,"minecraft:mutton":3,"minecraft:coal":23,"minecraft:furnace":1,"minecraft:white_wool":3,"minecraft:cobblestone":16,"minecraft:egg":4}},"DataVersion":3465}