{"stats":{"minecraft:mined":{"minecraft:grass":3,"minecraft:acacia_log":6,"minecraft:grass_block":2,"minecraft:stone":15,"minecraft:crafting_table":1},"minecraft:custom":{"minecraft:time_since_rest":2960,"minecraft:crouch_one_cm":352,"minecraft:play_time":2960,"minecraft:sprint_one_cm":3074,"minecraft:walk_one_cm":6437,"minecraft:sneak_time":71,"minecraft:jump":40,"minecraft:damage_dealt":15,"minecraft:time_since_death":2960,"minecraft:total_world_time":2960,"minecraft:interact_with_crafting_table":3,"minecraft:fall_one_cm":420,"minecraft:fly_one_cm":4838},"minecraft:used":{"minecraft:stone_axe":1,"minecraft:dirt":2,"minecraft:crafting_table":1,"minecraft:wooden_pickaxe":16},"minecraft:crafted":{"minecraft:acacia_planks":24,"minecraft:stone_axe":1,"minecraft:crafting_table":1,"minecraft:stick":8,"minecraft:stone_pickaxe":1,"minecraft:wooden_pickaxe":1},"minecraft:picked_up":{"minecraft:crafting_table":1,"minecraft:acacia_log":6,"minecraft:dirt":2,"minecraft:cobblestone":15}},"DataVersion":3465}