{"stats":{"minecraft:killed":{"minecraft:zombie_villager":1,"minecraft:wandering_trader":1,"minecraft:creeper":2,"minecraft:skeleton":9,"minecraft:trader_llama":2,"minecraft:zombie":4},"minecraft:dropped":{"minecraft:rotten_flesh":1,"minecraft:gunpowder":2},"minecraft:broken":{"minecraft:iron_shovel":2,"minecraft:iron_pickaxe":1},"minecraft:mined":{"minecraft:tuff":21,"minecraft:crafting_table":3,"minecraft:torch":9,"minecraft:grass_block":597,"minecraft:copper_ore":8,"minecraft:tall_grass":2,"minecraft:lapis_ore":4,"minecraft:sugar_cane":7,"minecraft:diorite":3,"minecraft:wall_torch":5,"minecraft:deepslate_copper_ore":1,"minecraft:hay_block":40,"minecraft:furnace":1,"minecraft:birch_log":23,"minecraft:iron_ore":60,"minecraft:wheat":1,"minecraft:andesite":15,"minecraft:birch_leaves":4,"minecraft:yellow_bed":5,"minecraft:grass":102,"minecraft:coal_ore":133,"minecraft:oak_log":166,"minecraft:dirt_path":1,"minecraft:beetroots":1,"minecraft:dirt":77,"minecraft:stone":167,"minecraft:oak_leaves":33,"minecraft:deepslate":4},"minecraft:custom":{"minecraft:interact_with_furnace":14,"minecraft:mob_kills":19,"minecraft:interact_with_crafting_table":27,"minecraft:leave_game":1,"minecraft:time_since_death":185772,"minecraft:sleep_in_bed":7,"minecraft:time_since_rest":19387,"minecraft:sprint_one_cm":253862,"minecraft:damage_taken":666,"minecraft:walk_one_cm":275972,"minecraft:drop":2,"minecraft:damage_dealt":3767,"minecraft:swim_one_cm":28511,"minecraft:fly_one_cm":368046,"minecraft:open_chest":25,"minecraft:crouch_one_cm":23348,"minecraft:play_time":185772,"minecraft:sneak_time":5961,"minecraft:walk_under_water_one_cm":2244,"minecraft:jump":1589,"minecraft:walk_on_water_one_cm":2908,"minecraft:total_world_time":185772,"minecraft:fall_one_cm":41050,"minecraft:horse_one_cm":16074},"minecraft:used":{"minecraft:oak_fence":14,"minecraft:iron_shovel":672,"minecraft:lead":1,"minecraft:chest":2,"minecraft:iron_sword":40,"minecraft:sugar_cane":12,"minecraft:torch":128,"minecraft:dirt":426,"minecraft:skeleton_spawn_egg":2,"minecraft:crafting_table":4,"minecraft:apple":4,"minecraft:iron_axe":191,"minecraft:bread":20,"minecraft:iron_pickaxe":428,"minecraft:spawner":1,"minecraft:stone_axe":63,"minecraft:oak_sapling":7,"minecraft:furnace":2,"minecraft:yellow_bed":5,"minecraft:egg":1},"minecraft:crafted":{"minecraft:oak_planks":164,"minecraft:crafting_table":1,"minecraft:iron_helmet":1,"minecraft:iron_sword":1,"minecraft:furnace":1,"minecraft:bucket":1,"minecraft:stone_axe":1,"minecraft:bread":120,"minecraft:air":0,"minecraft:iron_boots":1,"minecraft:iron_axe":1,"minecraft:stick":100,"minecraft:iron_ingot":43,"minecraft:iron_pickaxe":2,"minecraft:chest":2,"minecraft:iron_shovel":3,"minecraft:torch":128,"minecraft:oak_fence":27,"minecraft:wheat":360},"minecraft:picked_up":{"minecraft:birch_log":23,"minecraft:crafting_table":3,"minecraft:wheat":4,"minecraft:andesite":15,"minecraft:leather":1,"minecraft:lead":4,"minecraft:diamond_horse_armor":1,"minecraft:tuff":21,"minecraft:oak_log":166,"minecraft:yellow_bed":5,"minecraft:gunpowder":2,"minecraft:music_disc_cat":1,"minecraft:string":8,"minecraft:lapis_lazuli":20,"minecraft:dirt":673,"minecraft:raw_copper":32,"minecraft:bone":20,"minecraft:apple":4,"minecraft:bow":3,"minecraft:wheat_seeds":22,"minecraft:cobbled_deepslate":4,"minecraft:poppy":1,"minecraft:sugar_cane":17,"minecraft:chest":1,"minecraft:birch_sapling":5,"minecraft:egg":3,"minecraft:furnace":1,"minecraft:stick":11,"minecraft:raw_iron":83,"minecraft:torch":15,"minecraft:dandelion":1,"minecraft:diorite":3,"minecraft:carrot":1,"minecraft:arrow":7,"minecraft:rotten_flesh":18,"minecraft:beetroot_seeds":5,"minecraft:hay_block":40,"minecraft:bread":1,"minecraft:oak_sapling":17,"minecraft:coal":197,"minecraft:cobblestone":166}},"DataVersion":3465}