{"stats":{"minecraft:killed":{"minecraft:skeleton":5,"minecraft:zombie":2,"minecraft:creeper":2},"minecraft:dropped":{"minecraft:gunpowder":2},"minecraft:mined":{"minecraft:hay_block":40,"minecraft:furnace":1,"minecraft:iron_ore":40,"minecraft:wheat":1,"minecraft:yellow_bed":4,"minecraft:crafting_table":3,"minecraft:torch":1,"minecraft:grass":5,"minecraft:grass_block":7,"minecraft:oak_log":32,"minecraft:coal_ore":111,"minecraft:beetroots":1,"minecraft:dirt":10,"minecraft:stone":53,"minecraft:sugar_cane":7,"minecraft:diorite":2,"minecraft:oak_leaves":5},"minecraft:custom":{"minecraft:time_since_rest":12296,"minecraft:interact_with_furnace":9,"minecraft:sprint_one_cm":105994,"minecraft:damage_taken":455,"minecraft:walk_one_cm":91619,"minecraft:mob_kills":9,"minecraft:drop":1,"minecraft:damage_dealt":1587,"minecraft:swim_one_cm":21445,"minecraft:interact_with_crafting_table":11,"minecraft:fly_one_cm":136028,"minecraft:open_chest":3,"minecraft:crouch_one_cm":4128,"minecraft:play_time":35772,"minecraft:sneak_time":1099,"minecraft:walk_under_water_one_cm":1060,"minecraft:jump":624,"minecraft:leave_game":1,"minecraft:time_since_death":35772,"minecraft:walk_on_water_one_cm":1887,"minecraft:sleep_in_bed":2,"minecraft:total_world_time":35772,"minecraft:fall_one_cm":16858},"minecraft:used":{"minecraft:apple":4,"minecraft:iron_axe":1,"minecraft:bread":10,"minecraft:iron_pickaxe":211,"minecraft:sugar_cane":12,"minecraft:torch":54,"minecraft:stone_axe":63,"minecraft:dirt":4,"minecraft:crafting_table":3,"minecraft:furnace":1,"minecraft:yellow_bed":3},"minecraft:crafted":{"minecraft:oak_planks":24,"minecraft:iron_boots":1,"minecraft:iron_axe":1,"minecraft:crafting_table":1,"minecraft:stick":36,"minecraft:iron_helmet":1,"minecraft:iron_pickaxe":1,"minecraft:iron_ingot":17,"minecraft:iron_sword":1,"minecraft:furnace":1,"minecraft:torch":80,"minecraft:stone_axe":1,"minecraft:air":0,"minecraft:bread":120,"minecraft:wheat":360},"minecraft:picked_up":{"minecraft:raw_iron":63,"minecraft:stick":2,"minecraft:crafting_table":3,"minecraft:torch":1,"minecraft:oak_log":32,"minecraft:diorite":2,"minecraft:yellow_bed":4,"minecraft:gunpowder":2,"minecraft:dirt":17,"minecraft:bone":5,"minecraft:arrow":4,"minecraft:rotten_flesh":1,"minecraft:apple":1,"minecraft:beetroot_seeds":1,"minecraft:bow":1,"minecraft:wheat_seeds":1,"minecraft:hay_block":40,"minecraft:oak_sapling":3,"minecraft:sugar_cane":17,"minecraft:coal":172,"minecraft:cobblestone":52,"minecraft:furnace":1}},"DataVersion":3465}