{"stats":{"minecraft:killed":{"minecraft:wandering_trader":1,"minecraft:creeper":2,"minecraft:skeleton":5,"minecraft:trader_llama":2,"minecraft:zombie":2},"minecraft:dropped":{"minecraft:rotten_flesh":1,"minecraft:gunpowder":2},"minecraft:mined":{"minecraft:crafting_table":3,"minecraft:torch":3,"minecraft:grass_block":10,"minecraft:tall_grass":2,"minecraft:sugar_cane":7,"minecraft:diorite":3,"minecraft:hay_block":40,"minecraft:furnace":1,"minecraft:birch_log":23,"minecraft:iron_ore":43,"minecraft:wheat":1,"minecraft:birch_leaves":4,"minecraft:yellow_bed":5,"minecraft:grass":13,"minecraft:coal_ore":111,"minecraft:oak_log":107,"minecraft:beetroots":1,"minecraft:dirt":14,"minecraft:stone":79,"minecraft:oak_leaves":22},"minecraft:custom":{"minecraft:interact_with_furnace":13,"minecraft:mob_kills":12,"minecraft:interact_with_crafting_table":18,"minecraft:leave_game":1,"minecraft:time_since_death":71772,"minecraft:sleep_in_bed":5,"minecraft:time_since_rest":4536,"minecraft:sprint_one_cm":195767,"minecraft:damage_taken":497,"minecraft:walk_one_cm":131947,"minecraft:drop":2,"minecraft:damage_dealt":2487,"minecraft:swim_one_cm":26283,"minecraft:fly_one_cm":279008,"minecraft:open_chest":13,"minecraft:crouch_one_cm":5063,"minecraft:play_time":71772,"minecraft:sneak_time":1446,"minecraft:walk_under_water_one_cm":1981,"minecraft:jump":1232,"minecraft:walk_on_water_one_cm":2764,"minecraft:total_world_time":71772,"minecraft:fall_one_cm":33433,"minecraft:horse_one_cm":16074},"minecraft:used":{"minecraft:oak_fence":1,"minecraft:lead":1,"minecraft:chest":1,"minecraft:iron_sword":13,"minecraft:sugar_cane":12,"minecraft:torch":64,"minecraft:dirt":13,"minecraft:crafting_table":4,"minecraft:apple":4,"minecraft:iron_axe":118,"minecraft:bread":16,"minecraft:iron_pickaxe":244,"minecraft:stone_axe":63,"minecraft:oak_sapling":7,"minecraft:furnace":2,"minecraft:yellow_bed":5,"minecraft:egg":1},"minecraft:crafted":{"minecraft:oak_planks":36,"minecraft:crafting_table":1,"minecraft:iron_helmet":1,"minecraft:iron_sword":1,"minecraft:furnace":1,"minecraft:bucket":1,"minecraft:stone_axe":1,"minecraft:bread":120,"minecraft:air":0,"minecraft:iron_boots":1,"minecraft:iron_axe":1,"minecraft:stick":36,"minecraft:iron_ingot":20,"minecraft:iron_pickaxe":1,"minecraft:chest":1,"minecraft:torch":80,"minecraft:oak_fence":3,"minecraft:wheat":360},"minecraft:picked_up":{"minecraft:birch_log":23,"minecraft:crafting_table":3,"minecraft:leather":1,"minecraft:lead":2,"minecraft:oak_log":107,"minecraft:yellow_bed":5,"minecraft:gunpowder":2,"minecraft:dirt":24,"minecraft:bone":5,"minecraft:apple":1,"minecraft:bow":1,"minecraft:wheat_seeds":1,"minecraft:sugar_cane":17,"minecraft:egg":1,"minecraft:furnace":1,"minecraft:stick":6,"minecraft:raw_iron":66,"minecraft:torch":3,"minecraft:diorite":3,"minecraft:arrow":4,"minecraft:rotten_flesh":1,"minecraft:beetroot_seeds":1,"minecraft:hay_block":40,"minecraft:oak_sapling":6,"minecraft:coal":172,"minecraft:cobblestone":75}},"DataVersion":3465}