{"stats":{"minecraft:killed":{"minecraft:zombie_villager":1,"minecraft:wandering_trader":1,"minecraft:creeper":2,"minecraft:skeleton":10,"minecraft:trader_llama":2,"minecraft:zombie":7},"minecraft:dropped":{"minecraft:rotten_flesh":19,"minecraft:gunpowder":2,"minecraft:beetroot_seeds":4,"minecraft:bow":2},"minecraft:broken":{"minecraft:iron_shovel":2,"minecraft:iron_pickaxe":2},"minecraft:mined":{"minecraft:deepslate_redstone_ore":8,"minecraft:tuff":40,"minecraft:deepslate_diamond_ore":7,"minecraft:crafting_table":3,"minecraft:torch":11,"minecraft:grass_block":597,"minecraft:copper_ore":8,"minecraft:tall_grass":2,"minecraft:cobblestone":3,"minecraft:lapis_ore":4,"minecraft:sugar_cane":7,"minecraft:diorite":3,"minecraft:wall_torch":6,"minecraft:deepslate_copper_ore":1,"minecraft:hay_block":40,"minecraft:furnace":1,"minecraft:birch_log":23,"minecraft:iron_ore":60,"minecraft:wheat":1,"minecraft:andesite":15,"minecraft:birch_leaves":4,"minecraft:yellow_bed":5,"minecraft:grass":102,"minecraft:coal_ore":133,"minecraft:oak_log":166,"minecraft:deepslate_iron_ore":4,"minecraft:dirt_path":1,"minecraft:beetroots":1,"minecraft:rail":22,"minecraft:gravel":1,"minecraft:dirt":78,"minecraft:cobweb":1,"minecraft:stone":167,"minecraft:oak_leaves":33,"minecraft:deepslate":162},"minecraft:custom":{"minecraft:interact_with_furnace":14,"minecraft:mob_kills":23,"minecraft:interact_with_crafting_table":27,"minecraft:leave_game":2,"minecraft:time_since_death":200011,"minecraft:sleep_in_bed":7,"minecraft:time_since_rest":33626,"minecraft:sprint_one_cm":288910,"minecraft:damage_taken":776,"minecraft:walk_one_cm":315281,"minecraft:drop":6,"minecraft:damage_dealt":4878,"minecraft:swim_one_cm":28511,"minecraft:fly_one_cm":423558,"minecraft:open_chest":25,"minecraft:crouch_one_cm":30382,"minecraft:play_time":200011,"minecraft:sneak_time":8259,"minecraft:walk_under_water_one_cm":2470,"minecraft:jump":1776,"minecraft:walk_on_water_one_cm":3871,"minecraft:total_world_time":200011,"minecraft:fall_one_cm":43314,"minecraft:horse_one_cm":16074},"minecraft:used":{"minecraft:oak_fence":14,"minecraft:iron_shovel":672,"minecraft:lead":1,"minecraft:chest":2,"minecraft:iron_sword":64,"minecraft:sugar_cane":12,"minecraft:torch":213,"minecraft:dirt":461,"minecraft:skeleton_spawn_egg":2,"minecraft:crafting_table":4,"minecraft:apple":4,"minecraft:iron_axe":191,"minecraft:bread":23,"minecraft:iron_pickaxe":652,"minecraft:spawner":1,"minecraft:stone_axe":63,"minecraft:oak_sapling":7,"minecraft:furnace":2,"minecraft:yellow_bed":5,"minecraft:egg":1},"minecraft:crafted":{"minecraft:oak_planks":164,"minecraft:crafting_table":1,"minecraft:iron_helmet":1,"minecraft:iron_sword":1,"minecraft:furnace":1,"minecraft:bucket":1,"minecraft:stone_axe":1,"minecraft:bread":120,"minecraft:air":0,"minecraft:iron_boots":1,"minecraft:iron_axe":1,"minecraft:stick":100,"minecraft:iron_ingot":43,"minecraft:iron_pickaxe":2,"minecraft:chest":2,"minecraft:iron_shovel":3,"minecraft:torch":220,"minecraft:oak_fence":27,"minecraft:wheat":360},"minecraft:picked_up":{"minecraft:birch_log":23,"minecraft:crafting_table":3,"minecraft:wheat":4,"minecraft:andesite":15,"minecraft:leather":1,"minecraft:lead":4,"minecraft:diamond_horse_armor":1,"minecraft:flint":1,"minecraft:tuff":40,"minecraft:oak_log":166,"minecraft:yellow_bed":5,"minecraft:gunpowder":2,"minecraft:music_disc_cat":1,"minecraft:string":9,"minecraft:lapis_lazuli":20,"minecraft:dirt":674,"minecraft:raw_copper":32,"minecraft:bone":21,"minecraft:apple":4,"minecraft:bow":3,"minecraft:wheat_seeds":22,"minecraft:cobbled_deepslate":159,"minecraft:poppy":1,"minecraft:sugar_cane":17,"minecraft:chest":1,"minecraft:birch_sapling":5,"minecraft:egg":3,"minecraft:furnace":1,"minecraft:stick":11,"minecraft:raw_iron":87,"minecraft:torch":20,"minecraft:dandelion":1,"minecraft:diorite":3,"minecraft:carrot":1,"minecraft:redstone":36,"minecraft:arrow":9,"minecraft:rotten_flesh":19,"minecraft:diamond":7,"minecraft:beetroot_seeds":5,"minecraft:hay_block":40,"minecraft:bread":1,"minecraft:oak_sapling":17,"minecraft:coal":197,"minecraft:rail":22,"minecraft:cobblestone":169}},"DataVersion":3465}