{"stats":{"minecraft:crafted":{"minecraft:oak_planks":24,"minecraft:crafting_table":1,"minecraft:stick":4,"minecraft:stone_axe":1,"minecraft:bread":120,"minecraft:wheat":360},"minecraft:picked_up":{"minecraft:stick":2,"minecraft:crafting_table":2,"minecraft:oak_log":32,"minecraft:yellow_bed":3,"minecraft:dirt":16,"minecraft:apple":1,"minecraft:beetroot_seeds":1,"minecraft:wheat_seeds":1,"minecraft:hay_block":40,"minecraft:oak_sapling":3,"minecraft:sugar_cane":12,"minecraft:cobblestone":22},"minecraft:custom":{"minecraft:time_since_rest":5356,"minecraft:interact_with_furnace":1,"minecraft:sprint_one_cm":39804,"minecraft:damage_taken":66,"minecraft:walk_one_cm":31632,"minecraft:swim_one_cm":16164,"minecraft:interact_with_crafting_table":3,"minecraft:fly_one_cm":75083,"minecraft:open_chest":3,"minecraft:crouch_one_cm":6,"minecraft:play_time":15940,"minecraft:sneak_time":9,"minecraft:walk_under_water_one_cm":797,"minecraft:jump":285,"minecraft:walk_on_water_one_cm":1746,"minecraft:time_since_death":15940,"minecraft:sleep_in_bed":1,"minecraft:total_world_time":15940,"minecraft:fall_one_cm":7234},"minecraft:used":{"minecraft:bread":2,"minecraft:iron_pickaxe":25,"minecraft:sugar_cane":12,"minecraft:stone_axe":31,"minecraft:dirt":4,"minecraft:crafting_table":2,"minecraft:yellow_bed":2},"minecraft:mined":{"minecraft:hay_block":40,"minecraft:wheat":1,"minecraft:yellow_bed":3,"minecraft:crafting_table":2,"minecraft:grass":4,"minecraft:grass_block":6,"minecraft:oak_log":32,"minecraft:beetroots":1,"minecraft:dirt":10,"minecraft:stone":22,"minecraft:sugar_cane":5,"minecraft:oak_leaves":4}},"DataVersion":3465}