{"stats":{"minecraft:killed":{"minecraft:wandering_trader":1,"minecraft:creeper":2,"minecraft:skeleton":5,"minecraft:trader_llama":2,"minecraft:zombie":2},"minecraft:dropped":{"minecraft:rotten_flesh":1,"minecraft:gunpowder":2},"minecraft:mined":{"minecraft:crafting_table":3,"minecraft:torch":7,"minecraft:grass_block":594,"minecraft:tall_grass":2,"minecraft:sugar_cane":7,"minecraft:diorite":3,"minecraft:wall_torch":3,"minecraft:hay_block":40,"minecraft:furnace":1,"minecraft:birch_log":23,"minecraft:iron_ore":43,"minecraft:wheat":1,"minecraft:birch_leaves":4,"minecraft:yellow_bed":5,"minecraft:grass":98,"minecraft:coal_ore":111,"minecraft:oak_log":166,"minecraft:dirt_path":1,"minecraft:beetroots":1,"minecraft:dirt":70,"minecraft:stone":80,"minecraft:oak_leaves":33},"minecraft:broken":{"minecraft:iron_shovel":2},"minecraft:custom":{"minecraft:interact_with_furnace":14,"minecraft:mob_kills":12,"minecraft:interact_with_crafting_table":24,"minecraft:leave_game":1,"minecraft:time_since_death":149772,"minecraft:sleep_in_bed":6,"minecraft:time_since_rest":69382,"minecraft:sprint_one_cm":232823,"minecraft:damage_taken":497,"minecraft:walk_one_cm":240328,"minecraft:drop":2,"minecraft:damage_dealt":2487,"minecraft:swim_one_cm":28511,"minecraft:fly_one_cm":340849,"minecraft:open_chest":18,"minecraft:crouch_one_cm":16796,"minecraft:play_time":149772,"minecraft:sneak_time":2963,"minecraft:walk_under_water_one_cm":2244,"minecraft:jump":1461,"minecraft:walk_on_water_one_cm":2908,"minecraft:total_world_time":149772,"minecraft:fall_one_cm":37102,"minecraft:horse_one_cm":16074},"minecraft:used":{"minecraft:oak_fence":1,"minecraft:iron_shovel":672,"minecraft:lead":1,"minecraft:chest":1,"minecraft:iron_sword":13,"minecraft:sugar_cane":12,"minecraft:torch":93,"minecraft:dirt":400,"minecraft:crafting_table":4,"minecraft:apple":4,"minecraft:iron_axe":191,"minecraft:bread":18,"minecraft:iron_pickaxe":245,"minecraft:stone_axe":63,"minecraft:oak_sapling":7,"minecraft:furnace":2,"minecraft:yellow_bed":5,"minecraft:egg":1},"minecraft:crafted":{"minecraft:oak_planks":36,"minecraft:crafting_table":1,"minecraft:iron_helmet":1,"minecraft:iron_sword":1,"minecraft:furnace":1,"minecraft:bucket":1,"minecraft:stone_axe":1,"minecraft:bread":120,"minecraft:air":0,"minecraft:iron_boots":1,"minecraft:iron_axe":1,"minecraft:stick":36,"minecraft:iron_ingot":43,"minecraft:iron_pickaxe":1,"minecraft:chest":1,"minecraft:iron_shovel":3,"minecraft:torch":128,"minecraft:oak_fence":3,"minecraft:wheat":360},"minecraft:picked_up":{"minecraft:birch_log":23,"minecraft:crafting_table":3,"minecraft:leather":1,"minecraft:lead":2,"minecraft:oak_log":166,"minecraft:yellow_bed":5,"minecraft:gunpowder":2,"minecraft:dirt":663,"minecraft:bone":5,"minecraft:apple":4,"minecraft:bow":1,"minecraft:wheat_seeds":21,"minecraft:poppy":1,"minecraft:sugar_cane":17,"minecraft:birch_sapling":5,"minecraft:egg":2,"minecraft:furnace":1,"minecraft:stick":11,"minecraft:raw_iron":66,"minecraft:torch":9,"minecraft:dandelion":1,"minecraft:diorite":3,"minecraft:arrow":4,"minecraft:rotten_flesh":1,"minecraft:beetroot_seeds":1,"minecraft:hay_block":40,"minecraft:oak_sapling":17,"minecraft:coal":172,"minecraft:cobblestone":76}},"DataVersion":3465}