{"stats":{"minecraft:crafted":{"minecraft:oak_planks":24,"minecraft:crafting_table":1,"minecraft:stick":20,"minecraft:torch":80,"minecraft:stone_axe":1,"minecraft:bread":120,"minecraft:wheat":360},"minecraft:picked_up":{"minecraft:raw_iron":40,"minecraft:stick":2,"minecraft:crafting_table":2,"minecraft:oak_log":32,"minecraft:diorite":2,"minecraft:yellow_bed":4,"minecraft:gunpowder":2,"minecraft:dirt":17,"minecraft:rotten_flesh":1,"minecraft:bone":5,"minecraft:arrow":4,"minecraft:apple":1,"minecraft:bow":1,"minecraft:beetroot_seeds":1,"minecraft:wheat_seeds":1,"minecraft:hay_block":40,"minecraft:oak_sapling":3,"minecraft:sugar_cane":17,"minecraft:coal":79,"minecraft:cobblestone":45},"minecraft:custom":{"minecraft:time_since_rest":7476,"minecraft:interact_with_furnace":1,"minecraft:sprint_one_cm":100624,"minecraft:damage_taken":455,"minecraft:walk_one_cm":86211,"minecraft:mob_kills":9,"minecraft:damage_dealt":1587,"minecraft:swim_one_cm":21445,"minecraft:interact_with_crafting_table":3,"minecraft:fly_one_cm":129533,"minecraft:open_chest":3,"minecraft:crouch_one_cm":3355,"minecraft:play_time":30952,"minecraft:sneak_time":711,"minecraft:walk_under_water_one_cm":1060,"minecraft:jump":580,"minecraft:leave_game":1,"minecraft:walk_on_water_one_cm":1887,"minecraft:time_since_death":30952,"minecraft:sleep_in_bed":2,"minecraft:total_world_time":30952,"minecraft:fall_one_cm":15488},"minecraft:used":{"minecraft:apple":4,"minecraft:bread":8,"minecraft:iron_pickaxe":170,"minecraft:sugar_cane":12,"minecraft:torch":52,"minecraft:stone_axe":63,"minecraft:dirt":4,"minecraft:crafting_table":2,"minecraft:yellow_bed":3},"minecraft:mined":{"minecraft:hay_block":40,"minecraft:iron_ore":40,"minecraft:wheat":1,"minecraft:yellow_bed":4,"minecraft:crafting_table":2,"minecraft:grass":5,"minecraft:coal_ore":79,"minecraft:grass_block":7,"minecraft:oak_log":32,"minecraft:beetroots":1,"minecraft:dirt":10,"minecraft:stone":46,"minecraft:sugar_cane":7,"minecraft:diorite":2,"minecraft:oak_leaves":5},"minecraft:killed":{"minecraft:skeleton":5,"minecraft:zombie":2,"minecraft:creeper":2}},"DataVersion":3465}