{"stats":{"minecraft:broken":{"minecraft:iron_shovel":3,"minecraft:golden_axe":1,"minecraft:iron_axe":2,"minecraft:iron_pickaxe":4},"minecraft:custom":{"minecraft:mob_kills":59,"minecraft:animals_bred":1,"minecraft:interact_with_crafting_table":82,"minecraft:leave_game":3,"minecraft:time_since_death":413144,"minecraft:climb_one_cm":11883,"minecraft:sprint_one_cm":836676,"minecraft:walk_one_cm":913769,"minecraft:damage_blocked_by_shield":165,"minecraft:drop":33,"minecraft:talked_to_villager":3,"minecraft:raid_win":1,"minecraft:play_time":413144,"minecraft:sneak_time":19718,"minecraft:walk_under_water_one_cm":10181,"minecraft:jump":5251,"minecraft:walk_on_water_one_cm":17685,"minecraft:total_world_time":413144,"minecraft:interact_with_furnace":32,"minecraft:raid_trigger":1,"minecraft:interact_with_stonecutter":11,"minecraft:sleep_in_bed":18,"minecraft:time_since_rest":70761,"minecraft:damage_taken":2391,"minecraft:damage_dealt":11740,"minecraft:swim_one_cm":51479,"minecraft:fly_one_cm":1305196,"minecraft:open_chest":148,"minecraft:crouch_one_cm":71891,"minecraft:fall_one_cm":131180,"minecraft:horse_one_cm":1189152},"minecraft:crafted":{"minecraft:oak_door":3,"minecraft:smooth_stone":11,"minecraft:oak_planks":1144,"minecraft:furnace":1,"minecraft:blast_furnace":1,"minecraft:glass_pane":128,"minecraft:oak_trapdoor":20,"minecraft:scaffolding":12,"minecraft:glass":4,"minecraft:iron_boots":1,"minecraft:iron_axe":3,"minecraft:iron_hoe":1,"minecraft:chest":7,"minecraft:deepslate_tile_wall":23,"minecraft:oak_fence":54,"minecraft:wheat":360,"minecraft:oak_slab":6,"minecraft:crafting_table":2,"minecraft:iron_helmet":1,"minecraft:iron_sword":1,"minecraft:bucket":1,"minecraft:campfire":1,"minecraft:deepslate_tiles":12,"minecraft:stone_axe":1,"minecraft:bread":120,"minecraft:air":0,"minecraft:shield":1,"minecraft:stick":112,"minecraft:iron_ingot":46,"minecraft:iron_pickaxe":4,"minecraft:oak_stairs":72,"minecraft:deepslate_tile_stairs":9,"minecraft:iron_shovel":3,"minecraft:stonecutter":1,"minecraft:torch":256,"minecraft:deepslate_tile_slab":8},"minecraft:mined":{"minecraft:deepslate_tiles":22,"minecraft:tuff":41,"minecraft:oak_sapling":1,"minecraft:mossy_cobblestone":39,"minecraft:deepslate_diamond_ore":11,"minecraft:oak_door":1,"minecraft:cobblestone_stairs":3,"minecraft:deepslate_tile_wall":4,"minecraft:grass_block":671,"minecraft:deepslate_tile_stairs":1,"minecraft:oxeye_daisy":1,"minecraft:hay_block":40,"minecraft:tall_seagrass":1,"minecraft:oak_trapdoor":24,"minecraft:furnace":6,"minecraft:iron_ore":60,"minecraft:cobbled_deepslate":1,"minecraft:andesite":20,"minecraft:potatoes":11,"minecraft:deepslate_iron_ore":6,"minecraft:dirt_path":2,"minecraft:rail":22,"minecraft:oak_stairs":87,"minecraft:iron_bars":2,"minecraft:stripped_oak_log":1,"minecraft:bamboo":17,"minecraft:stone":176,"minecraft:deepslate_redstone_ore":8,"minecraft:oak_slab":3,"minecraft:scaffolding":46,"minecraft:glass_pane":3,"minecraft:smoker":1,"minecraft:deepslate_tile_slab":1,"minecraft:dandelion":4,"minecraft:oak_fence":8,"minecraft:crafting_table":6,"minecraft:torch":25,"minecraft:chest":2,"minecraft:tall_grass":17,"minecraft:copper_ore":8,"minecraft:cobblestone":174,"minecraft:lapis_ore":4,"minecraft:grindstone":1,"minecraft:oak_planks":110,"minecraft:sugar_cane":13,"minecraft:diorite":3,"minecraft:wall_torch":13,"minecraft:deepslate_copper_ore":1,"minecraft:cobblestone_wall":1,"minecraft:birch_log":23,"minecraft:wheat":1,"minecraft:birch_leaves":4,"minecraft:yellow_bed":7,"minecraft:smooth_stone_slab":15,"minecraft:grass":159,"minecraft:coal_ore":133,"minecraft:oak_log":448,"minecraft:beetroots":1,"minecraft:gravel":1,"minecraft:sand":49,"minecraft:dirt":94,"minecraft:cobweb":1,"minecraft:stonecutter":1,"minecraft:oak_leaves":77,"minecraft:deepslate":312},"minecraft:killed":{"minecraft:vindicator":2,"minecraft:spider":1,"minecraft:skeleton":12,"minecraft:zombie_villager":1,"minecraft:wandering_trader":1,"minecraft:creeper":4,"minecraft:trader_llama":2,"minecraft:pillager":9,"minecraft:zombie":26,"minecraft:cow":1},"minecraft:used":{"minecraft:oak_trapdoor":32,"minecraft:oak_fence":39,"minecraft:iron_shovel":800,"minecraft:chest":10,"minecraft:shield":6,"minecraft:iron_sword":211,"minecraft:oak_door":1,"minecraft:torch":282,"minecraft:dirt":541,"minecraft:skeleton_spawn_egg":2,"minecraft:deepslate_tile_slab":8,"minecraft:iron_hoe":26,"minecraft:iron_axe":746,"minecraft:oak_stairs":66,"minecraft:spawner":1,"minecraft:bamboo":11,"minecraft:scaffolding":58,"minecraft:oak_sapling":33,"minecraft:furnace":6,"minecraft:deepslate_tile_stairs":3,"minecraft:egg":1,"minecraft:potato":26,"minecraft:cobbled_deepslate":14,"minecraft:golden_axe":32,"minecraft:water_bucket":1,"minecraft:lead":1,"minecraft:oak_planks":455,"minecraft:stonecutter":2,"minecraft:sugar_cane":19,"minecraft:oak_slab":7,"minecraft:crafting_table":8,"minecraft:blast_furnace":1,"minecraft:crossbow":6,"minecraft:campfire":1,"minecraft:smoker":1,"minecraft:deepslate_tile_wall":21,"minecraft:deepslate_tiles":60,"minecraft:oak_log":152,"minecraft:apple":4,"minecraft:bread":78,"minecraft:iron_pickaxe":1099,"minecraft:stone_axe":63,"minecraft:cobblestone":20,"minecraft:bucket":1,"minecraft:glass_pane":21,"minecraft:yellow_bed":7},"minecraft:dropped":{"minecraft:iron_ingot":2,"minecraft:bread":24,"minecraft:wheat_seeds":2,"minecraft:lapis_lazuli":20,"minecraft:oak_log":26,"minecraft:leather":3,"minecraft:coal":1,"minecraft:emerald":2,"minecraft:diamond_horse_armor":1,"minecraft:dirt":64,"minecraft:iron_pickaxe":3,"minecraft:birch_log":23,"minecraft:gold_ingot":1,"minecraft:iron_nugget":13,"minecraft:wild_armor_trim_smithing_template":2,"minecraft:birch_sapling":8,"minecraft:tuff":1,"minecraft:raw_iron":23,"minecraft:rotten_flesh":46,"minecraft:iron_hoe":1,"minecraft:stripped_oak_log":1,"minecraft:poppy":1,"minecraft:gunpowder":2,"minecraft:beetroot_seeds":4,"minecraft:arrow":6,"minecraft:bow":2},"minecraft:picked_up":{"minecraft:crafting_table":6,"minecraft:wheat":4,"minecraft:lead":5,"minecraft:oak_stairs":85,"minecraft:diamond_horse_armor":3,"minecraft:music_disc_cat":1,"minecraft:oak_trapdoor":24,"minecraft:string":10,"minecraft:raw_copper":32,"minecraft:smooth_stone_slab":15,"minecraft:deepslate_tiles":20,"minecraft:cobbled_deepslate":310,"minecraft:beef":1,"minecraft:iron_nugget":26,"minecraft:poppy":3,"minecraft:iron_pickaxe":3,"minecraft:deepslate_tile_wall":4,"minecraft:sugar_cane":24,"minecraft:chest":3,"minecraft:birch_sapling":24,"minecraft:egg":15,"minecraft:furnace":6,"minecraft:raw_iron":135,"minecraft:stick":22,"minecraft:oak_door":1,"minecraft:oak_fence":8,"minecraft:torch":50,"minecraft:golden_axe":1,"minecraft:diorite":3,"minecraft:carrot":1,"minecraft:redstone":36,"minecraft:deepslate_tile_stairs":1,"minecraft:rotten_flesh":127,"minecraft:arrow":14,"minecraft:beetroot_seeds":5,"minecraft:hay_block":40,"minecraft:gold_ingot":2,"minecraft:saddle":1,"minecraft:iron_bars":2,"minecraft:cobblestone":410,"minecraft:rail":22,"minecraft:oxeye_daisy":1,"minecraft:stripped_oak_log":1,"minecraft:birch_log":69,"minecraft:andesite":20,"minecraft:leather":9,"minecraft:smoker":1,"minecraft:potato":11,"minecraft:flint":1,"minecraft:tuff":42,"minecraft:oak_log":470,"minecraft:cobblestone_wall":1,"minecraft:yellow_bed":7,"minecraft:gunpowder":2,"minecraft:cobblestone_stairs":3,"minecraft:deepslate_tile_slab":1,"minecraft:dirt":946,"minecraft:lapis_lazuli":60,"minecraft:white_banner":2,"minecraft:glass":44,"minecraft:bone":24,"minecraft:apple":15,"minecraft:stonecutter":1,"minecraft:bow":3,"minecraft:wild_armor_trim_smithing_template":4,"minecraft:wheat_seeds":39,"minecraft:grindstone":1,"minecraft:iron_ingot":3,"minecraft:bamboo":149,"minecraft:oak_planks":110,"minecraft:scaffolding":58,"minecraft:oak_slab":3,"minecraft:dandelion":5,"minecraft:oak_pressure_plate":1,"minecraft:sand":48,"minecraft:mossy_cobblestone":39,"minecraft:iron_hoe":1,"minecraft:diamond":11,"minecraft:crossbow":1,"minecraft:bread":1,"minecraft:emerald":5,"minecraft:oak_sapling":75,"minecraft:coal":200}},"DataVersion":3465}