{"stats":{"minecraft:broken":{"minecraft:iron_shovel":2,"minecraft:golden_axe":1,"minecraft:iron_axe":1,"minecraft:iron_pickaxe":4},"minecraft:custom":{"minecraft:mob_kills":57,"minecraft:animals_bred":1,"minecraft:interact_with_crafting_table":43,"minecraft:leave_game":3,"minecraft:time_since_death":299144,"minecraft:climb_one_cm":2092,"minecraft:sprint_one_cm":586526,"minecraft:walk_one_cm":543530,"minecraft:damage_blocked_by_shield":165,"minecraft:drop":12,"minecraft:talked_to_villager":3,"minecraft:raid_win":1,"minecraft:play_time":299144,"minecraft:sneak_time":15017,"minecraft:walk_under_water_one_cm":10181,"minecraft:jump":4026,"minecraft:walk_on_water_one_cm":16654,"minecraft:total_world_time":299144,"minecraft:interact_with_furnace":18,"minecraft:raid_trigger":1,"minecraft:sleep_in_bed":14,"minecraft:time_since_rest":7480,"minecraft:damage_taken":1860,"minecraft:damage_dealt":11340,"minecraft:swim_one_cm":51479,"minecraft:fly_one_cm":1072465,"minecraft:open_chest":79,"minecraft:crouch_one_cm":56472,"minecraft:fall_one_cm":97699,"minecraft:horse_one_cm":1189152},"minecraft:crafted":{"minecraft:oak_planks":164,"minecraft:furnace":1,"minecraft:scaffolding":6,"minecraft:iron_boots":1,"minecraft:iron_axe":2,"minecraft:iron_hoe":1,"minecraft:chest":6,"minecraft:oak_fence":27,"minecraft:wheat":360,"minecraft:crafting_table":2,"minecraft:iron_helmet":1,"minecraft:iron_sword":1,"minecraft:bucket":1,"minecraft:stone_axe":1,"minecraft:bread":120,"minecraft:air":0,"minecraft:shield":1,"minecraft:stick":104,"minecraft:iron_ingot":43,"minecraft:iron_pickaxe":4,"minecraft:iron_shovel":3,"minecraft:torch":256},"minecraft:mined":{"minecraft:tuff":41,"minecraft:mossy_cobblestone":36,"minecraft:deepslate_diamond_ore":11,"minecraft:oak_door":1,"minecraft:cobblestone_stairs":1,"minecraft:grass_block":608,"minecraft:hay_block":40,"minecraft:tall_seagrass":1,"minecraft:furnace":3,"minecraft:iron_ore":60,"minecraft:andesite":20,"minecraft:potatoes":10,"minecraft:deepslate_iron_ore":6,"minecraft:dirt_path":1,"minecraft:rail":22,"minecraft:oak_stairs":64,"minecraft:iron_bars":2,"minecraft:bamboo":7,"minecraft:stone":176,"minecraft:deepslate_redstone_ore":8,"minecraft:glass_pane":3,"minecraft:oak_fence":6,"minecraft:crafting_table":3,"minecraft:torch":11,"minecraft:tall_grass":2,"minecraft:copper_ore":8,"minecraft:cobblestone":133,"minecraft:lapis_ore":4,"minecraft:oak_planks":43,"minecraft:sugar_cane":7,"minecraft:diorite":3,"minecraft:wall_torch":7,"minecraft:deepslate_copper_ore":1,"minecraft:cobblestone_wall":1,"minecraft:birch_log":23,"minecraft:wheat":1,"minecraft:birch_leaves":4,"minecraft:yellow_bed":7,"minecraft:smooth_stone_slab":15,"minecraft:grass":115,"minecraft:coal_ore":133,"minecraft:oak_log":228,"minecraft:beetroots":1,"minecraft:gravel":1,"minecraft:dirt":82,"minecraft:cobweb":1,"minecraft:oak_leaves":38,"minecraft:deepslate":312},"minecraft:killed":{"minecraft:vindicator":2,"minecraft:spider":1,"minecraft:skeleton":12,"minecraft:zombie_villager":1,"minecraft:wandering_trader":1,"minecraft:creeper":3,"minecraft:trader_llama":2,"minecraft:pillager":9,"minecraft:zombie":25,"minecraft:cow":1},"minecraft:used":{"minecraft:oak_fence":14,"minecraft:iron_shovel":683,"minecraft:chest":7,"minecraft:shield":6,"minecraft:iron_sword":199,"minecraft:torch":246,"minecraft:dirt":536,"minecraft:skeleton_spawn_egg":2,"minecraft:iron_hoe":16,"minecraft:iron_axe":343,"minecraft:spawner":1,"minecraft:bamboo":11,"minecraft:scaffolding":4,"minecraft:oak_sapling":7,"minecraft:furnace":2,"minecraft:egg":1,"minecraft:potato":11,"minecraft:golden_axe":32,"minecraft:water_bucket":1,"minecraft:lead":1,"minecraft:sugar_cane":12,"minecraft:crafting_table":5,"minecraft:crossbow":6,"minecraft:apple":4,"minecraft:bread":59,"minecraft:iron_pickaxe":1014,"minecraft:stone_axe":63,"minecraft:cobblestone":17,"minecraft:bucket":1,"minecraft:yellow_bed":7},"minecraft:dropped":{"minecraft:iron_pickaxe":3,"minecraft:tuff":1,"minecraft:rotten_flesh":19,"minecraft:gunpowder":2,"minecraft:beetroot_seeds":4,"minecraft:arrow":6,"minecraft:bow":2},"minecraft:picked_up":{"minecraft:crafting_table":3,"minecraft:wheat":4,"minecraft:lead":5,"minecraft:oak_stairs":61,"minecraft:diamond_horse_armor":1,"minecraft:music_disc_cat":1,"minecraft:string":10,"minecraft:raw_copper":32,"minecraft:smooth_stone_slab":13,"minecraft:cobbled_deepslate":309,"minecraft:beef":1,"minecraft:poppy":1,"minecraft:iron_pickaxe":3,"minecraft:sugar_cane":17,"minecraft:chest":1,"minecraft:birch_sapling":5,"minecraft:egg":6,"minecraft:furnace":3,"minecraft:raw_iron":89,"minecraft:stick":11,"minecraft:oak_door":1,"minecraft:oak_fence":6,"minecraft:torch":27,"minecraft:golden_axe":1,"minecraft:diorite":3,"minecraft:carrot":1,"minecraft:redstone":36,"minecraft:rotten_flesh":46,"minecraft:arrow":14,"minecraft:beetroot_seeds":5,"minecraft:hay_block":40,"minecraft:saddle":1,"minecraft:iron_bars":2,"minecraft:cobblestone":304,"minecraft:rail":22,"minecraft:birch_log":23,"minecraft:andesite":20,"minecraft:leather":3,"minecraft:potato":10,"minecraft:flint":1,"minecraft:tuff":42,"minecraft:oak_log":228,"minecraft:cobblestone_wall":1,"minecraft:yellow_bed":7,"minecraft:gunpowder":2,"minecraft:dirt":689,"minecraft:lapis_lazuli":20,"minecraft:white_banner":2,"minecraft:bone":24,"minecraft:apple":5,"minecraft:bow":3,"minecraft:wheat_seeds":27,"minecraft:iron_ingot":1,"minecraft:bamboo":47,"minecraft:oak_planks":43,"minecraft:dandelion":1,"minecraft:mossy_cobblestone":36,"minecraft:diamond":11,"minecraft:crossbow":1,"minecraft:bread":1,"minecraft:emerald":1,"minecraft:oak_sapling":21,"minecraft:coal":197}},"DataVersion":3465}