{"stats":{"minecraft:killed":{"minecraft:wandering_trader":1,"minecraft:creeper":2,"minecraft:skeleton":5,"minecraft:trader_llama":2,"minecraft:zombie":2},"minecraft:dropped":{"minecraft:rotten_flesh":1,"minecraft:gunpowder":2},"minecraft:mined":{"minecraft:crafting_table":3,"minecraft:torch":8,"minecraft:grass_block":597,"minecraft:tall_grass":2,"minecraft:sugar_cane":7,"minecraft:diorite":3,"minecraft:wall_torch":3,"minecraft:hay_block":40,"minecraft:furnace":1,"minecraft:birch_log":23,"minecraft:iron_ore":43,"minecraft:wheat":1,"minecraft:birch_leaves":4,"minecraft:yellow_bed":5,"minecraft:grass":102,"minecraft:coal_ore":111,"minecraft:oak_log":166,"minecraft:dirt_path":1,"minecraft:beetroots":1,"minecraft:dirt":76,"minecraft:stone":80,"minecraft:oak_leaves":33},"minecraft:broken":{"minecraft:iron_shovel":2},"minecraft:custom":{"minecraft:interact_with_furnace":14,"minecraft:mob_kills":12,"minecraft:interact_with_crafting_table":27,"minecraft:leave_game":1,"minecraft:time_since_death":173772,"minecraft:sleep_in_bed":7,"minecraft:time_since_rest":7387,"minecraft:sprint_one_cm":247559,"minecraft:damage_taken":517,"minecraft:walk_one_cm":258229,"minecraft:drop":2,"minecraft:damage_dealt":2487,"minecraft:swim_one_cm":28511,"minecraft:fly_one_cm":361707,"minecraft:open_chest":24,"minecraft:crouch_one_cm":17014,"minecraft:play_time":173772,"minecraft:sneak_time":3096,"minecraft:walk_under_water_one_cm":2244,"minecraft:jump":1552,"minecraft:walk_on_water_one_cm":2908,"minecraft:total_world_time":173772,"minecraft:fall_one_cm":39945,"minecraft:horse_one_cm":16074},"minecraft:used":{"minecraft:oak_fence":14,"minecraft:iron_shovel":672,"minecraft:lead":1,"minecraft:chest":2,"minecraft:iron_sword":13,"minecraft:sugar_cane":12,"minecraft:torch":93,"minecraft:dirt":414,"minecraft:crafting_table":4,"minecraft:apple":4,"minecraft:iron_axe":191,"minecraft:bread":18,"minecraft:iron_pickaxe":245,"minecraft:stone_axe":63,"minecraft:oak_sapling":7,"minecraft:furnace":2,"minecraft:yellow_bed":5,"minecraft:egg":1},"minecraft:crafted":{"minecraft:oak_planks":164,"minecraft:crafting_table":1,"minecraft:iron_helmet":1,"minecraft:iron_sword":1,"minecraft:furnace":1,"minecraft:bucket":1,"minecraft:stone_axe":1,"minecraft:bread":120,"minecraft:air":0,"minecraft:iron_boots":1,"minecraft:iron_axe":1,"minecraft:stick":100,"minecraft:iron_ingot":43,"minecraft:iron_pickaxe":2,"minecraft:chest":2,"minecraft:iron_shovel":3,"minecraft:torch":128,"minecraft:oak_fence":27,"minecraft:wheat":360},"minecraft:picked_up":{"minecraft:birch_log":23,"minecraft:crafting_table":3,"minecraft:leather":1,"minecraft:lead":4,"minecraft:oak_log":166,"minecraft:yellow_bed":5,"minecraft:gunpowder":2,"minecraft:dirt":671,"minecraft:bone":5,"minecraft:apple":4,"minecraft:bow":1,"minecraft:wheat_seeds":22,"minecraft:poppy":1,"minecraft:sugar_cane":17,"minecraft:birch_sapling":5,"minecraft:egg":3,"minecraft:furnace":1,"minecraft:stick":11,"minecraft:raw_iron":66,"minecraft:torch":10,"minecraft:dandelion":1,"minecraft:diorite":3,"minecraft:arrow":4,"minecraft:rotten_flesh":1,"minecraft:beetroot_seeds":1,"minecraft:hay_block":40,"minecraft:oak_sapling":17,"minecraft:coal":172,"minecraft:cobblestone":76}},"DataVersion":3465}