{"stats":{"minecraft:crafted":{"minecraft:oak_planks":24},"minecraft:picked_up":{"minecraft:oak_log":6,"minecraft:dirt":3},"minecraft:custom":{"minecraft:jump":4,"minecraft:time_since_rest":3940,"minecraft:sprint_one_cm":604,"minecraft:play_time":3940,"minecraft:time_since_death":3940,"minecraft:walk_one_cm":916,"minecraft:total_world_time":3940,"minecraft:fly_one_cm":354},"minecraft:used":{"minecraft:dirt":1},"minecraft:mined":{"minecraft:grass":1,"minecraft:grass_block":1,"minecraft:oak_log":6,"minecraft:dirt":2}},"DataVersion":3465}