{"stats":{"minecraft:killed":{"minecraft:skeleton":5,"minecraft:zombie":2,"minecraft:creeper":2},"minecraft:dropped":{"minecraft:gunpowder":2,"minecraft:rotten_flesh":1},"minecraft:mined":{"minecraft:hay_block":40,"minecraft:furnace":1,"minecraft:iron_ore":43,"minecraft:wheat":1,"minecraft:birch_leaves":1,"minecraft:yellow_bed":5,"minecraft:crafting_table":3,"minecraft:torch":1,"minecraft:grass":10,"minecraft:grass_block":9,"minecraft:oak_log":32,"minecraft:coal_ore":111,"minecraft:beetroots":1,"minecraft:dirt":14,"minecraft:tall_grass":2,"minecraft:stone":79,"minecraft:sugar_cane":7,"minecraft:diorite":3,"minecraft:oak_leaves":8},"minecraft:custom":{"minecraft:time_since_rest":6367,"minecraft:interact_with_furnace":9,"minecraft:sprint_one_cm":142878,"minecraft:damage_taken":485,"minecraft:walk_one_cm":105035,"minecraft:mob_kills":9,"minecraft:drop":2,"minecraft:damage_dealt":1587,"minecraft:swim_one_cm":23502,"minecraft:interact_with_crafting_table":11,"minecraft:fly_one_cm":185462,"minecraft:open_chest":3,"minecraft:crouch_one_cm":4971,"minecraft:play_time":47772,"minecraft:sneak_time":1405,"minecraft:walk_under_water_one_cm":1729,"minecraft:jump":866,"minecraft:leave_game":1,"minecraft:time_since_death":47772,"minecraft:walk_on_water_one_cm":2630,"minecraft:sleep_in_bed":3,"minecraft:total_world_time":47772,"minecraft:fall_one_cm":22658,"minecraft:horse_one_cm":2574},"minecraft:used":{"minecraft:apple":4,"minecraft:iron_axe":1,"minecraft:bread":12,"minecraft:iron_pickaxe":244,"minecraft:sugar_cane":12,"minecraft:torch":59,"minecraft:stone_axe":63,"minecraft:dirt":11,"minecraft:crafting_table":3,"minecraft:furnace":1,"minecraft:yellow_bed":5},"minecraft:crafted":{"minecraft:oak_planks":24,"minecraft:iron_boots":1,"minecraft:iron_axe":1,"minecraft:crafting_table":1,"minecraft:stick":36,"minecraft:iron_helmet":1,"minecraft:iron_pickaxe":1,"minecraft:iron_ingot":17,"minecraft:iron_sword":1,"minecraft:furnace":1,"minecraft:torch":80,"minecraft:stone_axe":1,"minecraft:air":0,"minecraft:bread":120,"minecraft:wheat":360},"minecraft:picked_up":{"minecraft:raw_iron":66,"minecraft:stick":2,"minecraft:crafting_table":3,"minecraft:torch":1,"minecraft:oak_log":32,"minecraft:diorite":3,"minecraft:yellow_bed":5,"minecraft:gunpowder":2,"minecraft:dirt":23,"minecraft:bone":5,"minecraft:arrow":4,"minecraft:rotten_flesh":1,"minecraft:apple":1,"minecraft:beetroot_seeds":1,"minecraft:bow":1,"minecraft:wheat_seeds":1,"minecraft:hay_block":40,"minecraft:oak_sapling":3,"minecraft:sugar_cane":17,"minecraft:coal":172,"minecraft:cobblestone":75,"minecraft:furnace":1}},"DataVersion":3465}