{"stats":{"minecraft:broken":{"minecraft:iron_shovel":2,"minecraft:iron_pickaxe":2},"minecraft:custom":{"minecraft:interact_with_furnace":15,"minecraft:mob_kills":54,"minecraft:animals_bred":1,"minecraft:interact_with_crafting_table":34,"minecraft:raid_trigger":1,"minecraft:leave_game":3,"minecraft:time_since_death":251144,"minecraft:climb_one_cm":1588,"minecraft:sleep_in_bed":11,"minecraft:time_since_rest":3717,"minecraft:sprint_one_cm":545535,"minecraft:damage_taken":1712,"minecraft:walk_one_cm":451154,"minecraft:damage_blocked_by_shield":165,"minecraft:drop":8,"minecraft:damage_dealt":11014,"minecraft:swim_one_cm":47293,"minecraft:fly_one_cm":1014325,"minecraft:raid_win":1,"minecraft:open_chest":46,"minecraft:crouch_one_cm":33548,"minecraft:play_time":251144,"minecraft:sneak_time":9336,"minecraft:walk_under_water_one_cm":4772,"minecraft:jump":3607,"minecraft:walk_on_water_one_cm":8596,"minecraft:total_world_time":251144,"minecraft:fall_one_cm":91757,"minecraft:horse_one_cm":17689},"minecraft:crafted":{"minecraft:oak_planks":164,"minecraft:crafting_table":1,"minecraft:iron_helmet":1,"minecraft:iron_sword":1,"minecraft:furnace":1,"minecraft:bucket":1,"minecraft:stone_axe":1,"minecraft:bread":120,"minecraft:air":0,"minecraft:iron_boots":1,"minecraft:shield":1,"minecraft:iron_axe":1,"minecraft:iron_hoe":1,"minecraft:stick":100,"minecraft:iron_ingot":43,"minecraft:iron_pickaxe":2,"minecraft:chest":4,"minecraft:iron_shovel":3,"minecraft:torch":220,"minecraft:oak_fence":27,"minecraft:wheat":360},"minecraft:mined":{"minecraft:deepslate_redstone_ore":8,"minecraft:tuff":40,"minecraft:deepslate_diamond_ore":7,"minecraft:crafting_table":3,"minecraft:torch":11,"minecraft:grass_block":602,"minecraft:copper_ore":8,"minecraft:tall_grass":2,"minecraft:cobblestone":3,"minecraft:lapis_ore":4,"minecraft:sugar_cane":7,"minecraft:diorite":3,"minecraft:wall_torch":6,"minecraft:deepslate_copper_ore":1,"minecraft:hay_block":40,"minecraft:furnace":1,"minecraft:birch_log":23,"minecraft:iron_ore":60,"minecraft:wheat":1,"minecraft:birch_leaves":4,"minecraft:andesite":15,"minecraft:yellow_bed":5,"minecraft:grass":114,"minecraft:oak_log":191,"minecraft:coal_ore":133,"minecraft:deepslate_iron_ore":4,"minecraft:beetroots":1,"minecraft:dirt_path":1,"minecraft:rail":22,"minecraft:gravel":1,"minecraft:dirt":78,"minecraft:cobweb":1,"minecraft:bamboo":7,"minecraft:stone":167,"minecraft:oak_leaves":38,"minecraft:deepslate":162},"minecraft:killed":{"minecraft:zombie_villager":1,"minecraft:spider":1,"minecraft:vindicator":2,"minecraft:wandering_trader":1,"minecraft:creeper":2,"minecraft:skeleton":11,"minecraft:trader_llama":2,"minecraft:pillager":9,"minecraft:zombie":24,"minecraft:cow":1},"minecraft:used":{"minecraft:oak_fence":14,"minecraft:water_bucket":1,"minecraft:iron_shovel":677,"minecraft:lead":1,"minecraft:shield":6,"minecraft:chest":5,"minecraft:iron_sword":193,"minecraft:sugar_cane":12,"minecraft:torch":221,"minecraft:dirt":463,"minecraft:skeleton_spawn_egg":2,"minecraft:crafting_table":4,"minecraft:crossbow":3,"minecraft:iron_hoe":16,"minecraft:apple":4,"minecraft:bread":53,"minecraft:iron_axe":221,"minecraft:iron_pickaxe":652,"minecraft:spawner":1,"minecraft:stone_axe":63,"minecraft:furnace":2,"minecraft:oak_sapling":7,"minecraft:bucket":1,"minecraft:yellow_bed":5,"minecraft:egg":1,"minecraft:potato":11},"minecraft:dropped":{"minecraft:rotten_flesh":19,"minecraft:gunpowder":2,"minecraft:beetroot_seeds":4,"minecraft:bow":2,"minecraft:iron_pickaxe":2},"minecraft:picked_up":{"minecraft:birch_log":23,"minecraft:crafting_table":3,"minecraft:wheat":4,"minecraft:andesite":15,"minecraft:leather":3,"minecraft:lead":4,"minecraft:diamond_horse_armor":1,"minecraft:flint":1,"minecraft:tuff":40,"minecraft:oak_log":191,"minecraft:yellow_bed":5,"minecraft:gunpowder":2,"minecraft:lapis_lazuli":20,"minecraft:music_disc_cat":1,"minecraft:string":10,"minecraft:dirt":679,"minecraft:white_banner":2,"minecraft:raw_copper":32,"minecraft:bone":23,"minecraft:apple":5,"minecraft:bow":3,"minecraft:wheat_seeds":25,"minecraft:cobbled_deepslate":159,"minecraft:iron_ingot":1,"minecraft:beef":1,"minecraft:poppy":1,"minecraft:iron_pickaxe":2,"minecraft:bamboo":47,"minecraft:sugar_cane":17,"minecraft:chest":1,"minecraft:birch_sapling":5,"minecraft:furnace":1,"minecraft:egg":6,"minecraft:stick":11,"minecraft:raw_iron":87,"minecraft:torch":20,"minecraft:dandelion":1,"minecraft:diorite":3,"minecraft:carrot":1,"minecraft:redstone":36,"minecraft:arrow":11,"minecraft:rotten_flesh":37,"minecraft:diamond":7,"minecraft:beetroot_seeds":5,"minecraft:hay_block":40,"minecraft:crossbow":1,"minecraft:saddle":1,"minecraft:emerald":1,"minecraft:bread":1,"minecraft:oak_sapling":21,"minecraft:coal":197,"minecraft:rail":22,"minecraft:cobblestone":169}},"DataVersion":3465}