{"stats":{"minecraft:broken":{"minecraft:wooden_axe":1,"minecraft:wooden_hoe":1,"minecraft:wooden_pickaxe":1},"minecraft:custom":{"minecraft:interact_with_furnace":235,"minecraft:mob_kills":9,"minecraft:interact_with_crafting_table":57,"minecraft:leave_game":1,"minecraft:time_since_death":61558,"minecraft:sleep_in_bed":1,"minecraft:time_since_rest":7480,"minecraft:sprint_one_cm":196029,"minecraft:damage_taken":235,"minecraft:walk_one_cm":207345,"minecraft:damage_dealt":1160,"minecraft:swim_one_cm":60543,"minecraft:fly_one_cm":65626,"minecraft:open_chest":6,"minecraft:crouch_one_cm":17294,"minecraft:play_time":61558,"minecraft:sneak_time":3983,"minecraft:walk_under_water_one_cm":15784,"minecraft:jump":584,"minecraft:walk_on_water_one_cm":27877,"minecraft:total_world_time":61558,"minecraft:fall_one_cm":8614},"minecraft:crafted":{"minecraft:oak_planks":280,"minecraft:stone_shovel":1,"minecraft:crafting_table":1,"minecraft:dried_kelp":512,"minecraft:wooden_pickaxe":1,"minecraft:furnace":5,"minecraft:birch_planks":52,"minecraft:stone_axe":1,"minecraft:cooked_mutton":4,"minecraft:air":0,"minecraft:wooden_hoe":1,"minecraft:stick":24,"minecraft:stone_pickaxe":1,"minecraft:wooden_axe":1,"minecraft:chest":2,"minecraft:white_bed":1,"minecraft:dried_kelp_block":56,"minecraft:stone_hoe":1},"minecraft:mined":{"minecraft:brown_mushroom":1,"minecraft:oak_sapling":2,"minecraft:kelp_plant":65,"minecraft:dandelion":1,"minecraft:crafting_table":1,"minecraft:grass_block":45,"minecraft:poppy":4,"minecraft:tall_grass":29,"minecraft:kelp":16,"minecraft:seagrass":8,"minecraft:tall_seagrass":8,"minecraft:birch_log":13,"minecraft:birch_leaves":3,"minecraft:grass":219,"minecraft:oak_log":70,"minecraft:gravel":1,"minecraft:dirt":77,"minecraft:stone":99,"minecraft:oak_leaves":15},"minecraft:killed":{"minecraft:zombie_villager":1,"minecraft:sheep":4,"minecraft:skeleton":2,"minecraft:zombie":2},"minecraft:used":{"minecraft:wheat_seeds":20,"minecraft:cooked_mutton":4,"minecraft:stone_shovel":65,"minecraft:stone_pickaxe":58,"minecraft:chest":2,"minecraft:wooden_pickaxe":59,"minecraft:stone_hoe":33,"minecraft:dirt":161,"minecraft:crafting_table":2,"minecraft:white_bed":1,"minecraft:wooden_axe":47,"minecraft:wooden_hoe":59,"minecraft:apple":4,"minecraft:birch_sapling":4,"minecraft:stone_axe":68,"minecraft:furnace":5,"minecraft:oak_sapling":39},"minecraft:picked_up":{"minecraft:birch_log":13,"minecraft:crafting_table":1,"minecraft:brown_mushroom":1,"minecraft:flint":1,"minecraft:oak_log":70,"minecraft:dirt":161,"minecraft:apple":4,"minecraft:kelp":512,"minecraft:wheat_seeds":29,"minecraft:poppy":4,"minecraft:birch_sapling":4,"minecraft:egg":2,"minecraft:stick":20,"minecraft:dandelion":1,"minecraft:arrow":2,"minecraft:rotten_flesh":3,"minecraft:oak_sapling":39,"minecraft:mutton":4,"minecraft:white_wool":4,"minecraft:cobblestone":97}},"DataVersion":3465}