{"stats":{"minecraft:broken":{"minecraft:wooden_axe":1},"minecraft:custom":{"minecraft:time_since_rest":17435,"minecraft:sprint_one_cm":79254,"minecraft:damage_taken":125,"minecraft:walk_one_cm":50333,"minecraft:mob_kills":5,"minecraft:damage_dealt":740,"minecraft:swim_one_cm":14067,"minecraft:interact_with_crafting_table":6,"minecraft:fly_one_cm":33152,"minecraft:crouch_one_cm":1297,"minecraft:play_time":17435,"minecraft:sneak_time":661,"minecraft:walk_under_water_one_cm":12691,"minecraft:jump":195,"minecraft:leave_game":1,"minecraft:walk_on_water_one_cm":14822,"minecraft:time_since_death":17435,"minecraft:total_world_time":17435,"minecraft:fall_one_cm":5508},"minecraft:crafted":{"minecraft:oak_planks":124,"minecraft:crafting_table":1,"minecraft:wooden_pickaxe":1,"minecraft:wooden_axe":1},"minecraft:mined":{"minecraft:seagrass":3,"minecraft:tall_seagrass":6,"minecraft:brown_mushroom":1,"minecraft:kelp_plant":15,"minecraft:dandelion":1,"minecraft:crafting_table":1,"minecraft:grass":46,"minecraft:grass_block":23,"minecraft:oak_log":31,"minecraft:poppy":4,"minecraft:dirt":25,"minecraft:tall_grass":5,"minecraft:stone":7,"minecraft:kelp":9,"minecraft:oak_leaves":10},"minecraft:killed":{"minecraft:sheep":2,"minecraft:zombie":2,"minecraft:zombie_villager":1},"minecraft:used":{"minecraft:wooden_axe":47,"minecraft:apple":2,"minecraft:wooden_pickaxe":22,"minecraft:dirt":27,"minecraft:crafting_table":2},"minecraft:picked_up":{"minecraft:stick":4,"minecraft:crafting_table":1,"minecraft:brown_mushroom":1,"minecraft:dandelion":1,"minecraft:oak_log":31,"minecraft:dirt":47,"minecraft:rotten_flesh":3,"minecraft:apple":2,"minecraft:kelp":135,"minecraft:wheat_seeds":7,"minecraft:poppy":4,"minecraft:oak_sapling":16,"minecraft:mutton":2,"minecraft:white_wool":2,"minecraft:cobblestone":7,"minecraft:egg":1}},"DataVersion":3465}