{"stats":{"minecraft:broken":{"minecraft:wooden_axe":1,"minecraft:wooden_pickaxe":1},"minecraft:custom":{"minecraft:time_since_rest":49558,"minecraft:interact_with_furnace":182,"minecraft:sprint_one_cm":136936,"minecraft:damage_taken":235,"minecraft:walk_one_cm":162269,"minecraft:mob_kills":9,"minecraft:damage_dealt":1160,"minecraft:swim_one_cm":60543,"minecraft:interact_with_crafting_table":45,"minecraft:fly_one_cm":56306,"minecraft:crouch_one_cm":8799,"minecraft:play_time":49558,"minecraft:sneak_time":2521,"minecraft:walk_under_water_one_cm":15784,"minecraft:jump":476,"minecraft:leave_game":1,"minecraft:time_since_death":49558,"minecraft:walk_on_water_one_cm":27727,"minecraft:total_world_time":49558,"minecraft:fall_one_cm":8405},"minecraft:crafted":{"minecraft:oak_planks":280,"minecraft:wooden_hoe":1,"minecraft:crafting_table":1,"minecraft:stick":24,"minecraft:dried_kelp":449,"minecraft:wooden_pickaxe":1,"minecraft:stone_pickaxe":1,"minecraft:wooden_axe":1,"minecraft:white_bed":1,"minecraft:furnace":5,"minecraft:dried_kelp_block":49,"minecraft:birch_planks":52,"minecraft:stone_axe":1,"minecraft:cooked_mutton":2,"minecraft:air":0},"minecraft:mined":{"minecraft:seagrass":8,"minecraft:tall_seagrass":8,"minecraft:oak_sapling":2,"minecraft:brown_mushroom":1,"minecraft:kelp_plant":65,"minecraft:birch_log":13,"minecraft:birch_leaves":3,"minecraft:dandelion":1,"minecraft:crafting_table":1,"minecraft:grass":61,"minecraft:grass_block":29,"minecraft:oak_log":70,"minecraft:poppy":4,"minecraft:gravel":1,"minecraft:dirt":27,"minecraft:tall_grass":17,"minecraft:stone":99,"minecraft:kelp":16,"minecraft:oak_leaves":15},"minecraft:killed":{"minecraft:sheep":4,"minecraft:zombie":2,"minecraft:zombie_villager":1,"minecraft:skeleton":2},"minecraft:used":{"minecraft:cooked_mutton":2,"minecraft:wooden_axe":47,"minecraft:wooden_hoe":36,"minecraft:apple":3,"minecraft:stone_pickaxe":58,"minecraft:birch_sapling":4,"minecraft:wooden_pickaxe":59,"minecraft:stone_axe":68,"minecraft:dirt":82,"minecraft:crafting_table":2,"minecraft:oak_sapling":35,"minecraft:furnace":5,"minecraft:white_bed":1,"minecraft:wheat_seeds":9},"minecraft:picked_up":{"minecraft:birch_log":13,"minecraft:stick":20,"minecraft:crafting_table":1,"minecraft:brown_mushroom":1,"minecraft:dandelion":1,"minecraft:flint":1,"minecraft:oak_log":70,"minecraft:dirt":95,"minecraft:arrow":2,"minecraft:rotten_flesh":3,"minecraft:apple":3,"minecraft:kelp":512,"minecraft:wheat_seeds":9,"minecraft:poppy":4,"minecraft:oak_sapling":38,"minecraft:birch_sapling":4,"minecraft:mutton":4,"minecraft:white_wool":4,"minecraft:cobblestone":97,"minecraft:egg":1}},"DataVersion":3465}