{"stats":{"minecraft:broken":{"minecraft:wooden_axe":1},"minecraft:custom":{"minecraft:time_since_rest":25558,"minecraft:interact_with_furnace":34,"minecraft:sprint_one_cm":90942,"minecraft:damage_taken":125,"minecraft:walk_one_cm":73499,"minecraft:mob_kills":5,"minecraft:damage_dealt":740,"minecraft:swim_one_cm":14067,"minecraft:interact_with_crafting_table":23,"minecraft:fly_one_cm":37368,"minecraft:crouch_one_cm":2075,"minecraft:play_time":25558,"minecraft:sneak_time":898,"minecraft:walk_under_water_one_cm":12691,"minecraft:jump":273,"minecraft:leave_game":1,"minecraft:time_since_death":25558,"minecraft:walk_on_water_one_cm":14822,"minecraft:total_world_time":25558,"minecraft:fall_one_cm":6884},"minecraft:crafted":{"minecraft:oak_planks":124,"minecraft:crafting_table":1,"minecraft:stick":24,"minecraft:wooden_pickaxe":1,"minecraft:stone_pickaxe":1,"minecraft:wooden_axe":1,"minecraft:furnace":4,"minecraft:stone_axe":1},"minecraft:mined":{"minecraft:seagrass":3,"minecraft:tall_seagrass":6,"minecraft:brown_mushroom":1,"minecraft:kelp_plant":15,"minecraft:birch_log":13,"minecraft:birch_leaves":3,"minecraft:dandelion":1,"minecraft:crafting_table":1,"minecraft:grass":47,"minecraft:grass_block":26,"minecraft:oak_log":35,"minecraft:poppy":4,"minecraft:dirt":26,"minecraft:tall_grass":5,"minecraft:stone":40,"minecraft:kelp":9,"minecraft:oak_leaves":12},"minecraft:killed":{"minecraft:sheep":2,"minecraft:zombie":2,"minecraft:zombie_villager":1},"minecraft:used":{"minecraft:wooden_axe":47,"minecraft:apple":2,"minecraft:stone_pickaxe":21,"minecraft:wooden_pickaxe":37,"minecraft:stone_axe":23,"minecraft:dirt":27,"minecraft:crafting_table":2,"minecraft:furnace":4},"minecraft:picked_up":{"minecraft:birch_log":13,"minecraft:stick":9,"minecraft:crafting_table":1,"minecraft:brown_mushroom":1,"minecraft:dandelion":1,"minecraft:oak_log":35,"minecraft:dirt":79,"minecraft:rotten_flesh":3,"minecraft:apple":2,"minecraft:kelp":135,"minecraft:wheat_seeds":7,"minecraft:poppy":4,"minecraft:oak_sapling":17,"minecraft:birch_sapling":2,"minecraft:mutton":2,"minecraft:white_wool":2,"minecraft:cobblestone":40,"minecraft:egg":1}},"DataVersion":3465}