{"stats":{"minecraft:broken":{"minecraft:stone_axe":1,"minecraft:wooden_axe":1,"minecraft:wooden_hoe":1,"minecraft:wooden_pickaxe":1},"minecraft:custom":{"minecraft:interact_with_furnace":246,"minecraft:mob_kills":10,"minecraft:interact_with_crafting_table":65,"minecraft:leave_game":2,"minecraft:time_since_death":82340,"minecraft:sleep_in_bed":2,"minecraft:time_since_rest":14874,"minecraft:sprint_one_cm":198229,"minecraft:damage_taken":235,"minecraft:walk_one_cm":393783,"minecraft:damage_dealt":1240,"minecraft:swim_one_cm":60543,"minecraft:fly_one_cm":65653,"minecraft:open_chest":8,"minecraft:crouch_one_cm":23815,"minecraft:play_time":82340,"minecraft:sneak_time":5730,"minecraft:walk_under_water_one_cm":15784,"minecraft:jump":791,"minecraft:walk_on_water_one_cm":27877,"minecraft:total_world_time":82340,"minecraft:fall_one_cm":9241},"minecraft:crafted":{"minecraft:oak_planks":280,"minecraft:stone_shovel":1,"minecraft:crafting_table":1,"minecraft:dried_kelp":512,"minecraft:wooden_pickaxe":1,"minecraft:furnace":11,"minecraft:birch_planks":52,"minecraft:stone_axe":1,"minecraft:cooked_mutton":4,"minecraft:air":0,"minecraft:wooden_hoe":1,"minecraft:stick":24,"minecraft:stone_pickaxe":1,"minecraft:wooden_axe":1,"minecraft:chest":2,"minecraft:white_bed":1,"minecraft:dried_kelp_block":56,"minecraft:stone_hoe":1},"minecraft:mined":{"minecraft:brown_mushroom":1,"minecraft:oak_sapling":2,"minecraft:kelp_plant":65,"minecraft:dandelion":1,"minecraft:crafting_table":1,"minecraft:grass_block":66,"minecraft:poppy":4,"minecraft:tall_grass":46,"minecraft:kelp":16,"minecraft:seagrass":8,"minecraft:tall_seagrass":8,"minecraft:birch_log":30,"minecraft:birch_leaves":3,"minecraft:grass":452,"minecraft:oak_log":109,"minecraft:gravel":1,"minecraft:dirt":81,"minecraft:stone":106,"minecraft:oak_leaves":17},"minecraft:killed":{"minecraft:zombie_villager":1,"minecraft:sheep":5,"minecraft:skeleton":2,"minecraft:zombie":2},"minecraft:used":{"minecraft:wheat_seeds":60,"minecraft:cooked_mutton":4,"minecraft:stone_shovel":87,"minecraft:stone_pickaxe":65,"minecraft:chest":2,"minecraft:wooden_pickaxe":59,"minecraft:stone_hoe":43,"minecraft:dirt":186,"minecraft:crafting_table":2,"minecraft:white_bed":1,"minecraft:oak_log":1,"minecraft:wooden_axe":47,"minecraft:wooden_hoe":59,"minecraft:apple":4,"minecraft:birch_sapling":4,"minecraft:stone_axe":126,"minecraft:furnace":11,"minecraft:oak_sapling":46,"minecraft:egg":1},"minecraft:picked_up":{"minecraft:birch_log":30,"minecraft:crafting_table":1,"minecraft:brown_mushroom":1,"minecraft:flint":1,"minecraft:oak_log":109,"minecraft:dirt":186,"minecraft:apple":4,"minecraft:kelp":512,"minecraft:wheat_seeds":60,"minecraft:poppy":4,"minecraft:birch_sapling":8,"minecraft:egg":2,"minecraft:stick":26,"minecraft:dandelion":1,"minecraft:arrow":2,"minecraft:rotten_flesh":3,"minecraft:oak_sapling":52,"minecraft:mutton":5,"minecraft:white_wool":5,"minecraft:cobblestone":104}},"DataVersion":3465}