{"stats":{"minecraft:custom":{"minecraft:interact_with_grindstone":1,"minecraft:interact_with_stonecutter":4,"minecraft:leave_game":1,"minecraft:time_since_death":18712,"minecraft:sleep_in_bed":1,"minecraft:time_since_rest":11545,"minecraft:sprint_one_cm":54663,"minecraft:damage_taken":20,"minecraft:walk_one_cm":55222,"minecraft:drop":1,"minecraft:fly_one_cm":44099,"minecraft:swim_one_cm":335,"minecraft:talked_to_villager":1,"minecraft:open_chest":12,"minecraft:crouch_one_cm":3,"minecraft:play_time":18712,"minecraft:sneak_time":8,"minecraft:walk_under_water_one_cm":99,"minecraft:jump":165,"minecraft:walk_on_water_one_cm":273,"minecraft:total_world_time":18712,"minecraft:fall_one_cm":4093},"minecraft:crafted":{"minecraft:oak_planks":152},"minecraft:mined":{"minecraft:dandelion":2,"minecraft:torch":1,"minecraft:grass_block":41,"minecraft:chest":4,"minecraft:grindstone":1,"minecraft:oak_planks":37,"minecraft:wall_torch":1,"minecraft:yellow_bed":1,"minecraft:azure_bluet":2,"minecraft:grass":16,"minecraft:dirt":61,"minecraft:stonecutter":1,"minecraft:deepslate":23},"minecraft:used":{"minecraft:iron_shovel":107,"minecraft:oak_planks":73,"minecraft:chest":2,"minecraft:stonecutter":1,"minecraft:torch":1,"minecraft:oak_log":26,"minecraft:iron_axe":41,"minecraft:oak_stairs":2,"minecraft:bread":2,"minecraft:iron_pickaxe":25,"minecraft:deepslate":23,"minecraft:grindstone":2,"minecraft:yellow_bed":1},"minecraft:dropped":{"minecraft:rotten_flesh":27},"minecraft:picked_up":{"minecraft:birch_log":23,"minecraft:azure_bluet":2,"minecraft:andesite":20,"minecraft:leather":3,"minecraft:lead":1,"minecraft:oak_stairs":62,"minecraft:diamond_horse_armor":1,"minecraft:tuff":41,"minecraft:shield":1,"minecraft:yellow_bed":1,"minecraft:cobblestone_wall":1,"minecraft:cobblestone_stairs":3,"minecraft:music_disc_cat":1,"minecraft:lapis_lazuli":20,"minecraft:dirt":224,"minecraft:string":8,"minecraft:smooth_stone_slab":15,"minecraft:bone":24,"minecraft:apple":10,"minecraft:stonecutter":1,"minecraft:wheat_seeds":14,"minecraft:wild_armor_trim_smithing_template":2,"minecraft:cobbled_deepslate":215,"minecraft:bucket":1,"minecraft:grindstone":2,"minecraft:poppy":1,"minecraft:iron_nugget":13,"minecraft:bamboo":115,"minecraft:chest":4,"minecraft:birch_sapling":8,"minecraft:oak_planks":181,"minecraft:egg":9,"minecraft:stick":1,"minecraft:oak_door":1,"minecraft:torch":3,"minecraft:dandelion":6,"minecraft:oak_pressure_plate":1,"minecraft:iron_horse_armor":1,"minecraft:mossy_cobblestone":39,"minecraft:rotten_flesh":54,"minecraft:diamond":14,"minecraft:crossbow":1,"minecraft:golden_apple":1,"minecraft:emerald":2,"minecraft:oak_sapling":28,"minecraft:iron_bars":2,"minecraft:coal":55,"minecraft:rail":22,"minecraft:cobblestone":210,"minecraft:oxeye_daisy":1}},"DataVersion":3465}