{"stats":{"minecraft:picked_up":{"minecraft:birch_log":23,"minecraft:crafting_table":1,"minecraft:azure_bluet":2,"minecraft:andesite":20,"minecraft:leather":3,"minecraft:lead":1,"minecraft:oak_stairs":77,"minecraft:diamond_horse_armor":1,"minecraft:tuff":41,"minecraft:oak_log":102,"minecraft:shield":1,"minecraft:yellow_bed":1,"minecraft:cobblestone_wall":1,"minecraft:cobblestone_stairs":3,"minecraft:oak_trapdoor":37,"minecraft:lapis_lazuli":20,"minecraft:music_disc_cat":1,"minecraft:dirt":268,"minecraft:string":8,"minecraft:smooth_stone_slab":15,"minecraft:bone":24,"minecraft:apple":11,"minecraft:stonecutter":1,"minecraft:deepslate_brick_slab":3,"minecraft:wheat_seeds":14,"minecraft:cobbled_deepslate":225,"minecraft:wild_armor_trim_smithing_template":2,"minecraft:bucket":1,"minecraft:grindstone":2,"minecraft:poppy":1,"minecraft:iron_nugget":13,"minecraft:bamboo":224,"minecraft:chest":4,"minecraft:birch_sapling":8,"minecraft:oak_planks":296,"minecraft:egg":10,"minecraft:scaffolding":49,"minecraft:oak_slab":11,"minecraft:stick":8,"minecraft:oak_door":1,"minecraft:deepslate_brick_wall":6,"minecraft:torch":9,"minecraft:dandelion":6,"minecraft:oak_pressure_plate":1,"minecraft:spruce_fence":12,"minecraft:sand":95,"minecraft:iron_horse_armor":1,"minecraft:mossy_cobblestone":39,"minecraft:rotten_flesh":54,"minecraft:diamond":14,"minecraft:deepslate_bricks":4,"minecraft:diamond_axe":1,"minecraft:crossbow":1,"minecraft:golden_apple":1,"minecraft:emerald":2,"minecraft:oak_sapling":37,"minecraft:iron_bars":2,"minecraft:coal":55,"minecraft:rail":22,"minecraft:cobblestone":210,"minecraft:oxeye_daisy":1},"minecraft:used":{"minecraft:deepslate_brick_wall":6,"minecraft:oak_trapdoor":57,"minecraft:iron_shovel":209,"minecraft:oak_planks":648,"minecraft:chest":2,"minecraft:iron_sword":9,"minecraft:diamond_axe":132,"minecraft:stonecutter":1,"minecraft:deepslate_bricks":155,"minecraft:torch":21,"minecraft:dirt":35,"minecraft:oak_slab":20,"minecraft:crafting_table":2,"minecraft:deepslate_brick_slab":55,"minecraft:deepslate_brick_stairs":16,"minecraft:spruce_fence":76,"minecraft:azure_bluet":2,"minecraft:oak_log":81,"minecraft:diamond_pickaxe":1,"minecraft:apple":10,"minecraft:oak_stairs":40,"minecraft:iron_axe":251,"minecraft:bread":17,"minecraft:iron_pickaxe":55,"minecraft:deepslate":33,"minecraft:scaffolding":64,"minecraft:oak_sapling":9,"minecraft:grindstone":2,"minecraft:glass_pane":64,"minecraft:yellow_bed":1,"minecraft:cooked_beef":3},"minecraft:crafted":{"minecraft:cooked_beef":11,"minecraft:oak_slab":12,"minecraft:oak_planks":711,"minecraft:diamond_axe":1,"minecraft:crafting_table":2,"minecraft:air":0,"minecraft:glass_pane":64,"minecraft:oak_trapdoor":20,"minecraft:scaffolding":30,"minecraft:glass":64,"minecraft:deepslate_brick_wall":17,"minecraft:diamond_pickaxe":1,"minecraft:stick":72,"minecraft:oak_stairs":20,"minecraft:torch":16,"minecraft:oak_fence":63},"minecraft:broken":{"minecraft:iron_axe":1},"minecraft:custom":{"minecraft:interact_with_furnace":5,"minecraft:interact_with_crafting_table":14,"minecraft:interact_with_grindstone":1,"minecraft:interact_with_stonecutter":12,"minecraft:leave_game":2,"minecraft:time_since_death":126120,"minecraft:sleep_in_bed":8,"minecraft:climb_one_cm":19855,"minecraft:time_since_rest":2825,"minecraft:sprint_one_cm":269547,"minecraft:damage_taken":1012,"minecraft:walk_one_cm":340673,"minecraft:drop":4,"minecraft:damage_dealt":90,"minecraft:swim_one_cm":335,"minecraft:talked_to_villager":1,"minecraft:fly_one_cm":176682,"minecraft:open_chest":50,"minecraft:crouch_one_cm":46954,"minecraft:play_time":126120,"minecraft:sneak_time":13260,"minecraft:walk_under_water_one_cm":99,"minecraft:jump":1178,"minecraft:interact_with_blast_furnace":2,"minecraft:walk_on_water_one_cm":923,"minecraft:interact_with_smoker":2,"minecraft:total_world_time":126120,"minecraft:fall_one_cm":38407},"minecraft:dropped":{"minecraft:oak_slab":1,"minecraft:diamond_axe":1,"minecraft:rotten_flesh":27,"minecraft:dandelion":2},"minecraft:mined":{"minecraft:oak_slab":10,"minecraft:scaffolding":28,"minecraft:glass_pane":4,"minecraft:deepslate_brick_wall":6,"minecraft:dandelion":2,"minecraft:crafting_table":1,"minecraft:torch":2,"minecraft:grass_block":50,"minecraft:spruce_fence":13,"minecraft:chest":4,"minecraft:deepslate_bricks":4,"minecraft:grindstone":1,"minecraft:oak_planks":171,"minecraft:wall_torch":5,"minecraft:deepslate_brick_slab":3,"minecraft:oak_trapdoor":37,"minecraft:yellow_bed":1,"minecraft:azure_bluet":2,"minecraft:grass":23,"minecraft:oak_log":102,"minecraft:oak_stairs":18,"minecraft:sand":95,"minecraft:dirt":67,"minecraft:bamboo":8,"minecraft:stonecutter":1,"minecraft:oak_leaves":18,"minecraft:deepslate":33}},"DataVersion":3465}