{"stats":{"minecraft:custom":{"minecraft:jump":124,"minecraft:open_chest":4,"minecraft:time_since_rest":6712,"minecraft:crouch_one_cm":3,"minecraft:damage_taken":20,"minecraft:leave_game":1,"minecraft:play_time":6712,"minecraft:sprint_one_cm":25692,"minecraft:walk_on_water_one_cm":273,"minecraft:time_since_death":6712,"minecraft:walk_one_cm":2842,"minecraft:sneak_time":1,"minecraft:total_world_time":6712,"minecraft:walk_under_water_one_cm":99,"minecraft:swim_one_cm":335,"minecraft:fall_one_cm":3675,"minecraft:fly_one_cm":36667},"minecraft:mined":{"minecraft:grass":11,"minecraft:yellow_bed":1},"minecraft:used":{"minecraft:bread":2},"minecraft:picked_up":{"minecraft:wheat_seeds":2}},"DataVersion":3465}