{"stats":{"minecraft:custom":{"minecraft:interact_with_furnace":4,"minecraft:interact_with_crafting_table":5,"minecraft:interact_with_grindstone":1,"minecraft:interact_with_stonecutter":7,"minecraft:leave_game":1,"minecraft:time_since_death":42712,"minecraft:sleep_in_bed":2,"minecraft:climb_one_cm":7622,"minecraft:time_since_rest":21384,"minecraft:sprint_one_cm":90056,"minecraft:damage_taken":384,"minecraft:walk_one_cm":116155,"minecraft:drop":1,"minecraft:fly_one_cm":66149,"minecraft:swim_one_cm":335,"minecraft:talked_to_villager":1,"minecraft:open_chest":19,"minecraft:crouch_one_cm":12040,"minecraft:play_time":42712,"minecraft:sneak_time":3173,"minecraft:walk_under_water_one_cm":99,"minecraft:jump":400,"minecraft:interact_with_blast_furnace":2,"minecraft:walk_on_water_one_cm":565,"minecraft:interact_with_smoker":1,"minecraft:total_world_time":42712,"minecraft:fall_one_cm":12998},"minecraft:crafted":{"minecraft:oak_planks":152,"minecraft:crafting_table":1,"minecraft:air":0,"minecraft:oak_trapdoor":6,"minecraft:glass_pane":16,"minecraft:scaffolding":30,"minecraft:glass":8},"minecraft:mined":{"minecraft:scaffolding":3,"minecraft:dandelion":2,"minecraft:crafting_table":1,"minecraft:torch":1,"minecraft:grass_block":44,"minecraft:spruce_fence":3,"minecraft:chest":4,"minecraft:deepslate_bricks":4,"minecraft:grindstone":1,"minecraft:oak_planks":45,"minecraft:wall_torch":2,"minecraft:yellow_bed":1,"minecraft:azure_bluet":2,"minecraft:grass":17,"minecraft:oak_log":7,"minecraft:sand":95,"minecraft:dirt":67,"minecraft:bamboo":8,"minecraft:stonecutter":1,"minecraft:deepslate":23},"minecraft:used":{"minecraft:oak_trapdoor":4,"minecraft:iron_shovel":209,"minecraft:oak_planks":153,"minecraft:chest":2,"minecraft:iron_sword":8,"minecraft:stonecutter":1,"minecraft:deepslate_bricks":149,"minecraft:torch":4,"minecraft:dirt":12,"minecraft:crafting_table":1,"minecraft:deepslate_brick_stairs":16,"minecraft:spruce_fence":43,"minecraft:azure_bluet":2,"minecraft:oak_log":48,"minecraft:apple":9,"minecraft:iron_axe":60,"minecraft:oak_stairs":16,"minecraft:bread":3,"minecraft:iron_pickaxe":32,"minecraft:deepslate":23,"minecraft:scaffolding":21,"minecraft:grindstone":2,"minecraft:glass_pane":12,"minecraft:yellow_bed":1},"minecraft:dropped":{"minecraft:rotten_flesh":27},"minecraft:picked_up":{"minecraft:birch_log":23,"minecraft:crafting_table":1,"minecraft:azure_bluet":2,"minecraft:andesite":20,"minecraft:leather":3,"minecraft:lead":1,"minecraft:oak_stairs":62,"minecraft:diamond_horse_armor":1,"minecraft:tuff":41,"minecraft:oak_log":7,"minecraft:shield":1,"minecraft:yellow_bed":1,"minecraft:cobblestone_wall":1,"minecraft:cobblestone_stairs":3,"minecraft:music_disc_cat":1,"minecraft:lapis_lazuli":20,"minecraft:dirt":245,"minecraft:string":8,"minecraft:smooth_stone_slab":15,"minecraft:bone":24,"minecraft:apple":10,"minecraft:stonecutter":1,"minecraft:wheat_seeds":14,"minecraft:wild_armor_trim_smithing_template":2,"minecraft:cobbled_deepslate":215,"minecraft:bucket":1,"minecraft:grindstone":2,"minecraft:poppy":1,"minecraft:iron_nugget":13,"minecraft:bamboo":224,"minecraft:chest":4,"minecraft:birch_sapling":8,"minecraft:oak_planks":189,"minecraft:egg":9,"minecraft:scaffolding":3,"minecraft:stick":1,"minecraft:oak_door":1,"minecraft:torch":4,"minecraft:dandelion":6,"minecraft:oak_pressure_plate":1,"minecraft:spruce_fence":2,"minecraft:sand":95,"minecraft:iron_horse_armor":1,"minecraft:mossy_cobblestone":39,"minecraft:rotten_flesh":54,"minecraft:diamond":14,"minecraft:deepslate_bricks":3,"minecraft:crossbow":1,"minecraft:golden_apple":1,"minecraft:emerald":2,"minecraft:oak_sapling":28,"minecraft:iron_bars":2,"minecraft:coal":55,"minecraft:rail":22,"minecraft:cobblestone":210,"minecraft:oxeye_daisy":1}},"DataVersion":3465}