{"stats":{"minecraft:picked_up":{"minecraft:birch_log":23,"minecraft:crafting_table":1,"minecraft:azure_bluet":2,"minecraft:andesite":20,"minecraft:leather":3,"minecraft:lead":1,"minecraft:oak_stairs":93,"minecraft:diamond_horse_armor":1,"minecraft:tuff":41,"minecraft:oak_log":159,"minecraft:deepslate_tile_slab":48,"minecraft:shield":1,"minecraft:yellow_bed":2,"minecraft:cobblestone_wall":1,"minecraft:cobblestone_stairs":3,"minecraft:oak_trapdoor":37,"minecraft:lapis_lazuli":20,"minecraft:music_disc_cat":1,"minecraft:dirt":268,"minecraft:string":8,"minecraft:smooth_stone_slab":15,"minecraft:bone":24,"minecraft:apple":11,"minecraft:kelp":265,"minecraft:stonecutter":1,"minecraft:deepslate_brick_slab":52,"minecraft:wheat_seeds":14,"minecraft:cobbled_deepslate":236,"minecraft:wild_armor_trim_smithing_template":2,"minecraft:bucket":1,"minecraft:grindstone":2,"minecraft:poppy":1,"minecraft:iron_nugget":13,"minecraft:bamboo":224,"minecraft:chest":4,"minecraft:birch_sapling":8,"minecraft:oak_planks":324,"minecraft:egg":11,"minecraft:scaffolding":147,"minecraft:oak_slab":11,"minecraft:stick":10,"minecraft:oak_door":1,"minecraft:deepslate_brick_wall":6,"minecraft:oak_fence":1,"minecraft:torch":12,"minecraft:dandelion":6,"minecraft:oak_pressure_plate":1,"minecraft:spruce_fence":12,"minecraft:sand":95,"minecraft:deepslate_tile_stairs":37,"minecraft:iron_horse_armor":1,"minecraft:mossy_cobblestone":39,"minecraft:rotten_flesh":54,"minecraft:diamond":14,"minecraft:deepslate_bricks":15,"minecraft:diamond_axe":1,"minecraft:crossbow":1,"minecraft:golden_apple":1,"minecraft:emerald":2,"minecraft:deepslate_brick_stairs":4,"minecraft:oak_sapling":44,"minecraft:iron_bars":2,"minecraft:coal":55,"minecraft:rail":22,"minecraft:cobblestone":210,"minecraft:oxeye_daisy":1},"minecraft:used":{"minecraft:deepslate_brick_wall":7,"minecraft:oak_fence":19,"minecraft:oak_trapdoor":57,"minecraft:iron_shovel":209,"minecraft:oak_planks":936,"minecraft:chest":11,"minecraft:iron_sword":55,"minecraft:diamond_axe":256,"minecraft:stonecutter":1,"minecraft:deepslate_bricks":167,"minecraft:torch":41,"minecraft:dirt":35,"minecraft:oak_slab":21,"minecraft:crafting_table":3,"minecraft:deepslate_tile_slab":140,"minecraft:deepslate_brick_slab":61,"minecraft:deepslate_brick_stairs":27,"minecraft:spruce_fence":76,"minecraft:azure_bluet":2,"minecraft:oak_log":138,"minecraft:diamond_pickaxe":158,"minecraft:apple":10,"minecraft:oak_stairs":89,"minecraft:iron_axe":251,"minecraft:bread":24,"minecraft:iron_pickaxe":55,"minecraft:deepslate":42,"minecraft:scaffolding":171,"minecraft:deepslate_tile_stairs":382,"minecraft:oak_sapling":13,"minecraft:grindstone":2,"minecraft:glass_pane":65,"minecraft:yellow_bed":2,"minecraft:cooked_beef":9,"minecraft:cobbled_deepslate":3},"minecraft:crafted":{"minecraft:cooked_beef":11,"minecraft:oak_slab":18,"minecraft:oak_planks":983,"minecraft:diamond_axe":1,"minecraft:crafting_table":3,"minecraft:air":0,"minecraft:glass_pane":80,"minecraft:oak_trapdoor":20,"minecraft:scaffolding":30,"minecraft:glass":64,"minecraft:deepslate_brick_wall":17,"minecraft:diamond_pickaxe":1,"minecraft:stick":72,"minecraft:oak_stairs":48,"minecraft:chest":10,"minecraft:torch":32,"minecraft:oak_fence":63,"minecraft:deepslate_tile_slab":42},"minecraft:broken":{"minecraft:iron_axe":1},"minecraft:custom":{"minecraft:interact_with_furnace":20,"minecraft:mob_kills":2,"minecraft:interact_with_crafting_table":23,"minecraft:interact_with_grindstone":1,"minecraft:interact_with_stonecutter":23,"minecraft:leave_game":2,"minecraft:time_since_death":210120,"minecraft:sleep_in_bed":8,"minecraft:climb_one_cm":44104,"minecraft:time_since_rest":86825,"minecraft:sprint_one_cm":397203,"minecraft:damage_taken":1753,"minecraft:walk_one_cm":563372,"minecraft:drop":10,"minecraft:damage_dealt":584,"minecraft:swim_one_cm":27862,"minecraft:talked_to_villager":1,"minecraft:fly_one_cm":300867,"minecraft:open_chest":70,"minecraft:crouch_one_cm":115843,"minecraft:play_time":210120,"minecraft:sneak_time":32529,"minecraft:walk_under_water_one_cm":9493,"minecraft:jump":1799,"minecraft:interact_with_blast_furnace":2,"minecraft:walk_on_water_one_cm":3776,"minecraft:interact_with_smoker":2,"minecraft:total_world_time":210120,"minecraft:fall_one_cm":61763},"minecraft:killed":{"minecraft:drowned":2},"minecraft:mined":{"minecraft:oak_slab":10,"minecraft:scaffolding":101,"minecraft:glass_pane":4,"minecraft:kelp_plant":39,"minecraft:deepslate_brick_wall":6,"minecraft:oak_fence":1,"minecraft:deepslate_tile_slab":32,"minecraft:dandelion":2,"minecraft:crafting_table":1,"minecraft:torch":3,"minecraft:grass_block":50,"minecraft:spruce_fence":13,"minecraft:chest":4,"minecraft:deepslate_bricks":16,"minecraft:deepslate_tile_stairs":40,"minecraft:grindstone":1,"minecraft:oak_planks":203,"minecraft:wall_torch":7,"minecraft:deepslate_brick_slab":52,"minecraft:oak_trapdoor":37,"minecraft:cobbled_deepslate":3,"minecraft:yellow_bed":2,"minecraft:azure_bluet":2,"minecraft:grass":23,"minecraft:oak_log":160,"minecraft:oak_stairs":34,"minecraft:deepslate_brick_stairs":4,"minecraft:sand":95,"minecraft:dirt":67,"minecraft:bamboo":8,"minecraft:stonecutter":1,"minecraft:oak_leaves":28,"minecraft:deepslate":42},"minecraft:dropped":{"minecraft:iron_ingot":64,"minecraft:oak_slab":1,"minecraft:diamond_axe":2,"minecraft:baked_potato":64,"minecraft:rotten_flesh":27,"minecraft:diamond_sword":1,"minecraft:diamond_pickaxe":1,"minecraft:diamond_helmet":1,"minecraft:dandelion":2}},"DataVersion":3465}