{"stats":{"minecraft:broken":{"minecraft:iron_axe":1},"minecraft:custom":{"minecraft:mob_kills":4,"minecraft:interact_with_crafting_table":50,"minecraft:leave_game":3,"minecraft:time_since_death":2003,"minecraft:climb_one_cm":45173,"minecraft:sprint_one_cm":583749,"minecraft:walk_one_cm":797163,"minecraft:drop":10,"minecraft:talked_to_villager":45,"minecraft:play_time":278114,"minecraft:deaths":1,"minecraft:sneak_time":35301,"minecraft:walk_under_water_one_cm":23309,"minecraft:boat_one_cm":99723,"minecraft:jump":2211,"minecraft:interact_with_blast_furnace":4,"minecraft:walk_on_water_one_cm":10805,"minecraft:total_world_time":278114,"minecraft:interact_with_furnace":21,"minecraft:interact_with_grindstone":1,"minecraft:interact_with_stonecutter":24,"minecraft:sleep_in_bed":9,"minecraft:time_since_rest":2031,"minecraft:damage_taken":2065,"minecraft:damage_dealt":964,"minecraft:swim_one_cm":70482,"minecraft:fly_one_cm":380298,"minecraft:open_chest":293,"minecraft:crouch_one_cm":125069,"minecraft:interact_with_smoker":5,"minecraft:fall_one_cm":68117},"minecraft:crafted":{"minecraft:oak_planks":1167,"minecraft:bookshelf":1,"minecraft:oak_trapdoor":20,"minecraft:glass_pane":80,"minecraft:scaffolding":30,"minecraft:glass":64,"minecraft:deepslate_brick_wall":17,"minecraft:iron_hoe":1,"minecraft:chest":12,"minecraft:deepslate_tile_wall":7,"minecraft:oak_button":2,"minecraft:iron_door":3,"minecraft:oak_fence":63,"minecraft:cooked_beef":11,"minecraft:item_frame":4,"minecraft:oak_slab":24,"minecraft:diamond_axe":1,"minecraft:crafting_table":3,"minecraft:air":0,"minecraft:oak_boat":2,"minecraft:lectern":1,"minecraft:book":4,"minecraft:paper":15,"minecraft:diamond_pickaxe":1,"minecraft:stick":88,"minecraft:iron_ingot":11,"minecraft:oak_stairs":56,"minecraft:iron_shovel":1,"minecraft:torch":44,"minecraft:shears":1,"minecraft:deepslate_tile_slab":42},"minecraft:mined":{"minecraft:oak_door":1,"minecraft:deepslate_tile_wall":5,"minecraft:grass_block":58,"minecraft:spruce_fence":13,"minecraft:deepslate_bricks":18,"minecraft:deepslate_tile_stairs":40,"minecraft:deepslate_brick_slab":52,"minecraft:oak_trapdoor":41,"minecraft:cobbled_deepslate":3,"minecraft:andesite":4,"minecraft:azure_bluet":2,"minecraft:potatoes":11,"minecraft:oak_stairs":40,"minecraft:deepslate_brick_stairs":4,"minecraft:bamboo":8,"minecraft:stone":142,"minecraft:oak_slab":11,"minecraft:scaffolding":108,"minecraft:glass_pane":6,"minecraft:kelp_plant":39,"minecraft:deepslate_brick_wall":6,"minecraft:deepslate_tile_slab":32,"minecraft:dandelion":2,"minecraft:oak_fence":1,"minecraft:crafting_table":2,"minecraft:torch":11,"minecraft:chest":9,"minecraft:lectern":32,"minecraft:cobblestone":5,"minecraft:grindstone":1,"minecraft:sugar_cane":13,"minecraft:oak_planks":225,"minecraft:iron_door":1,"minecraft:wall_torch":15,"minecraft:yellow_bed":2,"minecraft:grass":29,"minecraft:coal_ore":1,"minecraft:oak_log":164,"minecraft:sand":95,"minecraft:dirt":100,"minecraft:oak_button":1,"minecraft:stonecutter":1,"minecraft:oak_leaves":83,"minecraft:deepslate":69},"minecraft:killed":{"minecraft:drowned":2,"minecraft:creeper":1,"minecraft:zombie":1},"minecraft:used":{"minecraft:oak_trapdoor":57,"minecraft:oak_fence":19,"minecraft:iron_shovel":251,"minecraft:chest":20,"minecraft:iron_sword":63,"minecraft:torch":69,"minecraft:dirt":37,"minecraft:deepslate_tile_slab":140,"minecraft:deepslate_brick_slab":61,"minecraft:spruce_fence":76,"minecraft:azure_bluet":2,"minecraft:iron_hoe":39,"minecraft:iron_axe":251,"minecraft:oak_stairs":101,"minecraft:item_frame":6,"minecraft:scaffolding":177,"minecraft:oak_sapling":13,"minecraft:deepslate_tile_stairs":382,"minecraft:potato":47,"minecraft:cooked_beef":11,"minecraft:cobbled_deepslate":3,"minecraft:deepslate_brick_wall":7,"minecraft:oak_planks":953,"minecraft:diamond_axe":332,"minecraft:stonecutter":1,"minecraft:deepslate_bricks":167,"minecraft:oak_leaves":24,"minecraft:oak_slab":23,"minecraft:crafting_table":6,"minecraft:shears":52,"minecraft:deepslate_brick_stairs":27,"minecraft:deepslate_tile_wall":10,"minecraft:oak_log":142,"minecraft:diamond_pickaxe":345,"minecraft:apple":11,"minecraft:bread":26,"minecraft:oak_button":3,"minecraft:iron_pickaxe":55,"minecraft:lectern":33,"minecraft:iron_door":2,"minecraft:deepslate":69,"minecraft:cobblestone":79,"minecraft:grindstone":2,"minecraft:glass_pane":69,"minecraft:yellow_bed":2,"minecraft:oak_boat":6},"minecraft:dropped":{"minecraft:iron_ingot":64,"minecraft:oak_slab":1,"minecraft:diamond_axe":2,"minecraft:baked_potato":64,"minecraft:diamond_helmet":1,"minecraft:dandelion":2,"minecraft:rotten_flesh":27,"minecraft:diamond_sword":1,"minecraft:diamond_pickaxe":1},"minecraft:picked_up":{"minecraft:crafting_table":2,"minecraft:azure_bluet":2,"minecraft:lead":2,"minecraft:oak_stairs":99,"minecraft:diamond_horse_armor":2,"minecraft:shield":2,"minecraft:music_disc_cat":2,"minecraft:oak_trapdoor":41,"minecraft:string":11,"minecraft:smooth_stone_slab":15,"minecraft:item_frame":2,"minecraft:iron_shovel":1,"minecraft:cobbled_deepslate":263,"minecraft:bucket":2,"minecraft:oak_boat":6,"minecraft:iron_nugget":26,"minecraft:poppy":2,"minecraft:deepslate_tile_wall":5,"minecraft:lectern":32,"minecraft:sugar_cane":17,"minecraft:chest":9,"minecraft:birch_sapling":16,"minecraft:egg":20,"minecraft:stick":15,"minecraft:raw_iron":13,"minecraft:oak_door":2,"minecraft:deepslate_brick_wall":6,"minecraft:oak_fence":1,"minecraft:torch":27,"minecraft:spruce_fence":12,"minecraft:deepslate_tile_stairs":37,"minecraft:iron_horse_armor":2,"minecraft:rotten_flesh":83,"minecraft:deepslate_bricks":17,"minecraft:deepslate_brick_stairs":4,"minecraft:iron_bars":2,"minecraft:rail":44,"minecraft:cobblestone":388,"minecraft:oxeye_daisy":1,"minecraft:birch_log":46,"minecraft:iron_door":1,"minecraft:andesite":44,"minecraft:leather":6,"minecraft:potato":37,"minecraft:tuff":41,"minecraft:oak_log":163,"minecraft:gunpowder":2,"minecraft:yellow_bed":2,"minecraft:cobblestone_wall":1,"minecraft:cobblestone_stairs":3,"minecraft:deepslate_tile_slab":48,"minecraft:lapis_lazuli":40,"minecraft:dirt":581,"minecraft:glass":2,"minecraft:bone":48,"minecraft:apple":12,"minecraft:kelp":265,"minecraft:stonecutter":1,"minecraft:deepslate_brick_slab":52,"minecraft:wheat_seeds":29,"minecraft:wild_armor_trim_smithing_template":4,"minecraft:iron_ingot":1,"minecraft:grindstone":2,"minecraft:bamboo":399,"minecraft:iron_sword":1,"minecraft:oak_planks":427,"minecraft:oak_slab":12,"minecraft:scaffolding":160,"minecraft:dandelion":6,"minecraft:oak_pressure_plate":1,"minecraft:poisonous_potato":1,"minecraft:sand":126,"minecraft:mossy_cobblestone":68,"minecraft:iron_hoe":1,"minecraft:deepslate":22,"minecraft:diamond":21,"minecraft:iron_helmet":1,"minecraft:diamond_axe":1,"minecraft:crossbow":1,"minecraft:golden_apple":2,"minecraft:bread":31,"minecraft:emerald":4,"minecraft:oak_button":1,"minecraft:oak_sapling":64,"minecraft:coal":56,"minecraft:oak_leaves":42}},"DataVersion":3465}