{"stats":{"minecraft:custom":{"minecraft:interact_with_furnace":1,"minecraft:interact_with_grindstone":1,"minecraft:interact_with_stonecutter":5,"minecraft:leave_game":1,"minecraft:time_since_death":30712,"minecraft:sleep_in_bed":2,"minecraft:time_since_rest":9384,"minecraft:sprint_one_cm":73728,"minecraft:damage_taken":374,"minecraft:walk_one_cm":92232,"minecraft:drop":1,"minecraft:fly_one_cm":62131,"minecraft:swim_one_cm":335,"minecraft:talked_to_villager":1,"minecraft:open_chest":15,"minecraft:crouch_one_cm":7153,"minecraft:play_time":30712,"minecraft:sneak_time":1746,"minecraft:walk_under_water_one_cm":99,"minecraft:jump":321,"minecraft:interact_with_blast_furnace":1,"minecraft:walk_on_water_one_cm":565,"minecraft:interact_with_smoker":1,"minecraft:total_world_time":30712,"minecraft:fall_one_cm":12454},"minecraft:crafted":{"minecraft:oak_planks":152,"minecraft:air":0},"minecraft:mined":{"minecraft:dandelion":2,"minecraft:torch":1,"minecraft:grass_block":43,"minecraft:chest":4,"minecraft:deepslate_bricks":1,"minecraft:grindstone":1,"minecraft:oak_planks":37,"minecraft:wall_torch":1,"minecraft:yellow_bed":1,"minecraft:azure_bluet":2,"minecraft:grass":17,"minecraft:oak_log":2,"minecraft:sand":95,"minecraft:dirt":65,"minecraft:bamboo":8,"minecraft:stonecutter":1,"minecraft:deepslate":23},"minecraft:used":{"minecraft:iron_shovel":209,"minecraft:oak_planks":153,"minecraft:chest":2,"minecraft:iron_sword":8,"minecraft:stonecutter":1,"minecraft:deepslate_bricks":127,"minecraft:torch":1,"minecraft:dirt":4,"minecraft:oak_log":48,"minecraft:apple":7,"minecraft:iron_axe":43,"minecraft:oak_stairs":4,"minecraft:bread":3,"minecraft:iron_pickaxe":26,"minecraft:deepslate":23,"minecraft:grindstone":2,"minecraft:yellow_bed":1},"minecraft:dropped":{"minecraft:rotten_flesh":27},"minecraft:picked_up":{"minecraft:birch_log":23,"minecraft:azure_bluet":2,"minecraft:andesite":20,"minecraft:leather":3,"minecraft:lead":1,"minecraft:oak_stairs":62,"minecraft:diamond_horse_armor":1,"minecraft:tuff":41,"minecraft:oak_log":2,"minecraft:shield":1,"minecraft:yellow_bed":1,"minecraft:cobblestone_wall":1,"minecraft:cobblestone_stairs":3,"minecraft:music_disc_cat":1,"minecraft:lapis_lazuli":20,"minecraft:dirt":242,"minecraft:string":8,"minecraft:smooth_stone_slab":15,"minecraft:bone":24,"minecraft:apple":10,"minecraft:stonecutter":1,"minecraft:wheat_seeds":14,"minecraft:wild_armor_trim_smithing_template":2,"minecraft:cobbled_deepslate":215,"minecraft:bucket":1,"minecraft:grindstone":2,"minecraft:poppy":1,"minecraft:iron_nugget":13,"minecraft:bamboo":215,"minecraft:chest":4,"minecraft:birch_sapling":8,"minecraft:oak_planks":181,"minecraft:egg":9,"minecraft:stick":1,"minecraft:oak_door":1,"minecraft:torch":3,"minecraft:dandelion":6,"minecraft:oak_pressure_plate":1,"minecraft:sand":95,"minecraft:iron_horse_armor":1,"minecraft:mossy_cobblestone":39,"minecraft:rotten_flesh":54,"minecraft:diamond":14,"minecraft:deepslate_bricks":1,"minecraft:crossbow":1,"minecraft:golden_apple":1,"minecraft:emerald":2,"minecraft:oak_sapling":28,"minecraft:iron_bars":2,"minecraft:coal":55,"minecraft:rail":22,"minecraft:cobblestone":210,"minecraft:oxeye_daisy":1}},"DataVersion":3465}