{"stats":{"minecraft:picked_up":{"minecraft:birch_log":23,"minecraft:crafting_table":1,"minecraft:azure_bluet":2,"minecraft:andesite":20,"minecraft:leather":3,"minecraft:lead":1,"minecraft:oak_stairs":62,"minecraft:diamond_horse_armor":1,"minecraft:tuff":41,"minecraft:oak_log":97,"minecraft:shield":1,"minecraft:yellow_bed":1,"minecraft:cobblestone_wall":1,"minecraft:cobblestone_stairs":3,"minecraft:lapis_lazuli":20,"minecraft:music_disc_cat":1,"minecraft:dirt":245,"minecraft:string":8,"minecraft:smooth_stone_slab":15,"minecraft:bone":24,"minecraft:apple":11,"minecraft:stonecutter":1,"minecraft:deepslate_brick_slab":2,"minecraft:wheat_seeds":14,"minecraft:cobbled_deepslate":225,"minecraft:wild_armor_trim_smithing_template":2,"minecraft:bucket":1,"minecraft:grindstone":2,"minecraft:poppy":1,"minecraft:iron_nugget":13,"minecraft:bamboo":224,"minecraft:chest":4,"minecraft:birch_sapling":8,"minecraft:oak_planks":230,"minecraft:egg":10,"minecraft:scaffolding":25,"minecraft:stick":8,"minecraft:oak_door":1,"minecraft:torch":5,"minecraft:dandelion":6,"minecraft:oak_pressure_plate":1,"minecraft:spruce_fence":12,"minecraft:sand":95,"minecraft:iron_horse_armor":1,"minecraft:mossy_cobblestone":39,"minecraft:rotten_flesh":54,"minecraft:diamond":14,"minecraft:deepslate_bricks":4,"minecraft:crossbow":1,"minecraft:golden_apple":1,"minecraft:emerald":2,"minecraft:oak_sapling":37,"minecraft:iron_bars":2,"minecraft:coal":55,"minecraft:rail":22,"minecraft:cobblestone":210,"minecraft:oxeye_daisy":1},"minecraft:used":{"minecraft:oak_trapdoor":6,"minecraft:iron_shovel":209,"minecraft:oak_planks":610,"minecraft:chest":2,"minecraft:iron_sword":8,"minecraft:stonecutter":1,"minecraft:deepslate_bricks":155,"minecraft:torch":5,"minecraft:dirt":12,"minecraft:crafting_table":1,"minecraft:deepslate_brick_slab":49,"minecraft:deepslate_brick_stairs":16,"minecraft:spruce_fence":70,"minecraft:azure_bluet":2,"minecraft:oak_log":81,"minecraft:apple":10,"minecraft:oak_stairs":18,"minecraft:iron_axe":219,"minecraft:bread":14,"minecraft:iron_pickaxe":49,"minecraft:deepslate":33,"minecraft:scaffolding":49,"minecraft:oak_sapling":9,"minecraft:grindstone":2,"minecraft:glass_pane":12,"minecraft:yellow_bed":1},"minecraft:crafted":{"minecraft:oak_planks":711,"minecraft:crafting_table":1,"minecraft:air":0,"minecraft:glass_pane":16,"minecraft:oak_trapdoor":6,"minecraft:scaffolding":30,"minecraft:glass":8,"minecraft:stick":72,"minecraft:oak_fence":63},"minecraft:custom":{"minecraft:interact_with_furnace":4,"minecraft:interact_with_crafting_table":6,"minecraft:interact_with_grindstone":1,"minecraft:interact_with_stonecutter":10,"minecraft:leave_game":2,"minecraft:time_since_death":84120,"minecraft:sleep_in_bed":3,"minecraft:climb_one_cm":16937,"minecraft:time_since_rest":10509,"minecraft:sprint_one_cm":194060,"minecraft:damage_taken":884,"minecraft:walk_one_cm":205350,"minecraft:drop":2,"minecraft:swim_one_cm":335,"minecraft:talked_to_villager":1,"minecraft:fly_one_cm":129638,"minecraft:open_chest":39,"minecraft:crouch_one_cm":32791,"minecraft:play_time":84120,"minecraft:sneak_time":7985,"minecraft:walk_under_water_one_cm":99,"minecraft:jump":803,"minecraft:interact_with_blast_furnace":2,"minecraft:walk_on_water_one_cm":689,"minecraft:interact_with_smoker":1,"minecraft:total_world_time":84120,"minecraft:fall_one_cm":29075},"minecraft:dropped":{"minecraft:rotten_flesh":27,"minecraft:dandelion":2},"minecraft:mined":{"minecraft:scaffolding":18,"minecraft:dandelion":2,"minecraft:crafting_table":1,"minecraft:torch":1,"minecraft:grass_block":44,"minecraft:spruce_fence":13,"minecraft:chest":4,"minecraft:deepslate_bricks":4,"minecraft:grindstone":1,"minecraft:oak_planks":85,"minecraft:wall_torch":2,"minecraft:deepslate_brick_slab":3,"minecraft:yellow_bed":1,"minecraft:azure_bluet":2,"minecraft:grass":18,"minecraft:oak_log":97,"minecraft:sand":95,"minecraft:dirt":67,"minecraft:bamboo":8,"minecraft:stonecutter":1,"minecraft:oak_leaves":18,"minecraft:deepslate":33}},"DataVersion":3465}