{"stats":{"minecraft:broken":{"minecraft:iron_axe":1},"minecraft:custom":{"minecraft:mob_kills":2,"minecraft:interact_with_crafting_table":36,"minecraft:leave_game":3,"minecraft:time_since_death":236114,"minecraft:climb_one_cm":44104,"minecraft:sprint_one_cm":480405,"minecraft:walk_one_cm":667405,"minecraft:drop":10,"minecraft:talked_to_villager":8,"minecraft:play_time":236114,"minecraft:sneak_time":32642,"minecraft:walk_under_water_one_cm":9493,"minecraft:boat_one_cm":64788,"minecraft:jump":1950,"minecraft:interact_with_blast_furnace":4,"minecraft:walk_on_water_one_cm":3776,"minecraft:total_world_time":236114,"minecraft:interact_with_furnace":21,"minecraft:interact_with_grindstone":1,"minecraft:interact_with_stonecutter":23,"minecraft:sleep_in_bed":9,"minecraft:time_since_rest":7780,"minecraft:damage_taken":1823,"minecraft:damage_dealt":584,"minecraft:swim_one_cm":27862,"minecraft:fly_one_cm":331093,"minecraft:open_chest":211,"minecraft:crouch_one_cm":116298,"minecraft:interact_with_smoker":4,"minecraft:fall_one_cm":65220},"minecraft:crafted":{"minecraft:oak_planks":1043,"minecraft:oak_trapdoor":20,"minecraft:glass_pane":80,"minecraft:scaffolding":30,"minecraft:glass":64,"minecraft:deepslate_brick_wall":17,"minecraft:chest":12,"minecraft:oak_button":2,"minecraft:iron_door":3,"minecraft:oak_fence":63,"minecraft:cooked_beef":11,"minecraft:item_frame":2,"minecraft:oak_slab":18,"minecraft:diamond_axe":1,"minecraft:crafting_table":3,"minecraft:air":0,"minecraft:oak_boat":2,"minecraft:diamond_pickaxe":1,"minecraft:stick":72,"minecraft:iron_ingot":11,"minecraft:oak_stairs":56,"minecraft:torch":32,"minecraft:shears":1,"minecraft:deepslate_tile_slab":42},"minecraft:mined":{"minecraft:oak_door":1,"minecraft:grass_block":50,"minecraft:spruce_fence":13,"minecraft:deepslate_bricks":18,"minecraft:deepslate_tile_stairs":40,"minecraft:deepslate_brick_slab":52,"minecraft:oak_trapdoor":38,"minecraft:cobbled_deepslate":3,"minecraft:azure_bluet":2,"minecraft:oak_stairs":35,"minecraft:deepslate_brick_stairs":4,"minecraft:bamboo":8,"minecraft:stone":1,"minecraft:oak_slab":10,"minecraft:scaffolding":102,"minecraft:glass_pane":6,"minecraft:kelp_plant":39,"minecraft:deepslate_brick_wall":6,"minecraft:deepslate_tile_slab":32,"minecraft:dandelion":2,"minecraft:oak_fence":1,"minecraft:crafting_table":2,"minecraft:torch":4,"minecraft:chest":9,"minecraft:grindstone":1,"minecraft:oak_planks":221,"minecraft:iron_door":1,"minecraft:wall_torch":9,"minecraft:yellow_bed":2,"minecraft:grass":23,"minecraft:oak_log":163,"minecraft:sand":95,"minecraft:dirt":67,"minecraft:oak_button":1,"minecraft:stonecutter":1,"minecraft:oak_leaves":80,"minecraft:deepslate":42},"minecraft:killed":{"minecraft:drowned":2},"minecraft:used":{"minecraft:oak_trapdoor":57,"minecraft:oak_fence":19,"minecraft:iron_shovel":209,"minecraft:chest":20,"minecraft:iron_sword":55,"minecraft:torch":43,"minecraft:dirt":35,"minecraft:deepslate_tile_slab":140,"minecraft:deepslate_brick_slab":61,"minecraft:spruce_fence":76,"minecraft:azure_bluet":2,"minecraft:iron_axe":251,"minecraft:oak_stairs":97,"minecraft:item_frame":2,"minecraft:scaffolding":171,"minecraft:oak_sapling":13,"minecraft:deepslate_tile_stairs":382,"minecraft:cooked_beef":10,"minecraft:cobbled_deepslate":3,"minecraft:deepslate_brick_wall":7,"minecraft:oak_planks":946,"minecraft:diamond_axe":286,"minecraft:stonecutter":1,"minecraft:deepslate_bricks":167,"minecraft:oak_slab":21,"minecraft:crafting_table":5,"minecraft:shears":52,"minecraft:deepslate_brick_stairs":27,"minecraft:oak_log":142,"minecraft:diamond_pickaxe":162,"minecraft:apple":10,"minecraft:bread":24,"minecraft:oak_button":3,"minecraft:iron_pickaxe":55,"minecraft:iron_door":2,"minecraft:deepslate":42,"minecraft:grindstone":2,"minecraft:glass_pane":69,"minecraft:yellow_bed":2,"minecraft:oak_boat":4},"minecraft:dropped":{"minecraft:iron_ingot":64,"minecraft:oak_slab":1,"minecraft:diamond_axe":2,"minecraft:baked_potato":64,"minecraft:diamond_helmet":1,"minecraft:dandelion":2,"minecraft:rotten_flesh":27,"minecraft:diamond_sword":1,"minecraft:diamond_pickaxe":1},"minecraft:picked_up":{"minecraft:crafting_table":2,"minecraft:azure_bluet":2,"minecraft:lead":2,"minecraft:oak_stairs":94,"minecraft:diamond_horse_armor":2,"minecraft:shield":2,"minecraft:music_disc_cat":2,"minecraft:oak_trapdoor":38,"minecraft:string":11,"minecraft:smooth_stone_slab":15,"minecraft:item_frame":2,"minecraft:cobbled_deepslate":236,"minecraft:bucket":2,"minecraft:oak_boat":4,"minecraft:iron_nugget":26,"minecraft:poppy":2,"minecraft:chest":9,"minecraft:birch_sapling":16,"minecraft:egg":20,"minecraft:stick":10,"minecraft:raw_iron":13,"minecraft:oak_door":2,"minecraft:deepslate_brick_wall":6,"minecraft:oak_fence":1,"minecraft:torch":16,"minecraft:spruce_fence":12,"minecraft:deepslate_tile_stairs":37,"minecraft:iron_horse_armor":2,"minecraft:rotten_flesh":81,"minecraft:deepslate_bricks":17,"minecraft:deepslate_brick_stairs":4,"minecraft:iron_bars":2,"minecraft:rail":44,"minecraft:cobblestone":211,"minecraft:oxeye_daisy":1,"minecraft:birch_log":46,"minecraft:iron_door":1,"minecraft:andesite":40,"minecraft:leather":6,"minecraft:tuff":41,"minecraft:oak_log":161,"minecraft:yellow_bed":2,"minecraft:cobblestone_wall":1,"minecraft:cobblestone_stairs":3,"minecraft:deepslate_tile_slab":48,"minecraft:lapis_lazuli":40,"minecraft:dirt":501,"minecraft:glass":2,"minecraft:bone":48,"minecraft:apple":12,"minecraft:kelp":265,"minecraft:stonecutter":1,"minecraft:deepslate_brick_slab":52,"minecraft:wheat_seeds":28,"minecraft:wild_armor_trim_smithing_template":4,"minecraft:grindstone":2,"minecraft:bamboo":399,"minecraft:oak_planks":359,"minecraft:oak_slab":11,"minecraft:scaffolding":154,"minecraft:dandelion":6,"minecraft:oak_pressure_plate":1,"minecraft:sand":126,"minecraft:mossy_cobblestone":68,"minecraft:deepslate":22,"minecraft:diamond":21,"minecraft:diamond_axe":1,"minecraft:crossbow":1,"minecraft:golden_apple":2,"minecraft:bread":31,"minecraft:emerald":4,"minecraft:oak_button":1,"minecraft:oak_sapling":64,"minecraft:coal":55,"minecraft:oak_leaves":39}},"DataVersion":3465}