{"stats":{"minecraft:custom":{"minecraft:interact_with_furnace":9,"minecraft:mob_kills":5,"minecraft:interact_with_crafting_table":9,"minecraft:leave_game":1,"minecraft:time_since_death":66993,"minecraft:sleep_in_bed":5,"minecraft:time_since_rest":516,"minecraft:sprint_one_cm":181881,"minecraft:damage_taken":690,"minecraft:walk_one_cm":122441,"minecraft:drop":6,"minecraft:damage_dealt":1340,"minecraft:talked_to_villager":2,"minecraft:swim_one_cm":17810,"minecraft:fly_one_cm":78105,"minecraft:open_chest":9,"minecraft:crouch_one_cm":2255,"minecraft:play_time":66993,"minecraft:sneak_time":2485,"minecraft:walk_under_water_one_cm":28790,"minecraft:jump":502,"minecraft:walk_on_water_one_cm":12570,"minecraft:total_world_time":66993,"minecraft:fall_one_cm":6461,"minecraft:horse_one_cm":1105},"minecraft:broken":{"minecraft:stone_pickaxe":1},"minecraft:crafted":{"minecraft:oak_door":3,"minecraft:oak_slab":6,"minecraft:oak_planks":28,"minecraft:stone_shovel":1,"minecraft:crafting_table":2,"minecraft:baked_potato":3,"minecraft:wooden_pickaxe":1,"minecraft:iron_sword":1,"minecraft:furnace":1,"minecraft:bucket":1,"minecraft:stone_axe":1,"minecraft:air":0,"minecraft:iron_boots":1,"minecraft:charcoal":6,"minecraft:acacia_sign":3,"minecraft:stick":28,"minecraft:iron_ingot":14,"minecraft:iron_pickaxe":1,"minecraft:stone_pickaxe":3,"minecraft:wooden_axe":1,"minecraft:stone_sword":1,"minecraft:acacia_planks":28,"minecraft:torch":24},"minecraft:mined":{"minecraft:oak_slab":2,"minecraft:acacia_leaves":1,"minecraft:white_bed":3,"minecraft:deepslate_diamond_ore":1,"minecraft:oak_fence":1,"minecraft:crafting_table":7,"minecraft:torch":1,"minecraft:granite":3,"minecraft:acacia_log":7,"minecraft:oak_pressure_plate":1,"minecraft:cobblestone":17,"minecraft:grindstone":4,"minecraft:deepslate_gold_ore":1,"minecraft:sugar_cane":2,"minecraft:oak_planks":2,"minecraft:wall_torch":6,"minecraft:carrots":9,"minecraft:furnace":4,"minecraft:iron_ore":13,"minecraft:andesite":7,"minecraft:deepslate_lapis_ore":4,"minecraft:grass":2,"minecraft:coal_ore":2,"minecraft:potatoes":10,"minecraft:oak_log":13,"minecraft:deepslate_iron_ore":2,"minecraft:oak_stairs":4,"minecraft:dirt":5,"minecraft:acacia_sign":1,"minecraft:stone":171,"minecraft:oak_leaves":3,"minecraft:deepslate":51},"minecraft:killed":{"minecraft:iron_golem":1,"minecraft:skeleton":2,"minecraft:cow":2},"minecraft:used":{"minecraft:water_bucket":2,"minecraft:stone_sword":11,"minecraft:stone_shovel":4,"minecraft:stone_pickaxe":256,"minecraft:oak_planks":1,"minecraft:wooden_pickaxe":23,"minecraft:iron_sword":17,"minecraft:sugar_cane":6,"minecraft:oak_door":3,"minecraft:torch":27,"minecraft:oak_slab":5,"minecraft:crafting_table":7,"minecraft:carrot":9,"minecraft:white_bed":2,"minecraft:granite":1,"minecraft:wooden_axe":17,"minecraft:lava_bucket":1,"minecraft:acacia_sign":4,"minecraft:oak_stairs":2,"minecraft:bread":18,"minecraft:iron_pickaxe":3,"minecraft:stone_axe":16,"minecraft:cobblestone":36,"minecraft:grindstone":3,"minecraft:oak_sapling":1,"minecraft:furnace":5,"minecraft:bucket":4,"minecraft:egg":3,"minecraft:potato":10},"minecraft:dropped":{"minecraft:poppy":2,"minecraft:oak_sapling":4},"minecraft:picked_up":{"minecraft:crafting_table":6,"minecraft:andesite":7,"minecraft:leather":3,"minecraft:potato":12,"minecraft:oak_stairs":4,"minecraft:oak_log":13,"minecraft:lapis_lazuli":29,"minecraft:dirt":5,"minecraft:apple":1,"minecraft:cobbled_deepslate":36,"minecraft:raw_gold":1,"minecraft:beef":4,"minecraft:grindstone":4,"minecraft:iron_ingot":5,"minecraft:acacia_sign":1,"minecraft:poppy":2,"minecraft:sugar_cane":6,"minecraft:oak_planks":2,"minecraft:egg":3,"minecraft:furnace":4,"minecraft:oak_slab":2,"minecraft:raw_iron":14,"minecraft:oak_fence":1,"minecraft:torch":8,"minecraft:acacia_log":7,"minecraft:oak_pressure_plate":1,"minecraft:white_bed":3,"minecraft:carrot":24,"minecraft:diamond":1,"minecraft:granite":3,"minecraft:bread":24,"minecraft:oak_sapling":5,"minecraft:coal":2,"minecraft:cobblestone":187}},"DataVersion":3465}