{"stats":{"minecraft:custom":{"minecraft:interact_with_furnace":5,"minecraft:mob_kills":2,"minecraft:interact_with_crafting_table":6,"minecraft:time_since_death":43427,"minecraft:sleep_in_bed":2,"minecraft:time_since_rest":17610,"minecraft:sprint_one_cm":103774,"minecraft:damage_taken":580,"minecraft:walk_one_cm":55355,"minecraft:drop":4,"minecraft:damage_dealt":410,"minecraft:swim_one_cm":16994,"minecraft:fly_one_cm":41975,"minecraft:open_chest":2,"minecraft:crouch_one_cm":1771,"minecraft:play_time":43427,"minecraft:sneak_time":2018,"minecraft:walk_under_water_one_cm":21714,"minecraft:jump":316,"minecraft:walk_on_water_one_cm":10272,"minecraft:total_world_time":43427,"minecraft:fall_one_cm":3277},"minecraft:broken":{"minecraft:stone_pickaxe":1},"minecraft:crafted":{"minecraft:oak_door":3,"minecraft:oak_planks":28,"minecraft:stone_shovel":1,"minecraft:crafting_table":1,"minecraft:wooden_pickaxe":1,"minecraft:furnace":1,"minecraft:bucket":1,"minecraft:stone_axe":1,"minecraft:air":0,"minecraft:charcoal":6,"minecraft:acacia_sign":3,"minecraft:stick":24,"minecraft:iron_ingot":14,"minecraft:iron_pickaxe":1,"minecraft:stone_pickaxe":3,"minecraft:wooden_axe":1,"minecraft:stone_sword":1,"minecraft:acacia_planks":28,"minecraft:torch":24},"minecraft:mined":{"minecraft:acacia_leaves":1,"minecraft:white_bed":2,"minecraft:deepslate_diamond_ore":1,"minecraft:crafting_table":5,"minecraft:torch":1,"minecraft:granite":3,"minecraft:acacia_log":7,"minecraft:cobblestone":3,"minecraft:deepslate_gold_ore":1,"minecraft:wall_torch":3,"minecraft:carrots":3,"minecraft:furnace":2,"minecraft:iron_ore":13,"minecraft:andesite":7,"minecraft:deepslate_lapis_ore":4,"minecraft:grass":1,"minecraft:oak_log":13,"minecraft:deepslate_iron_ore":2,"minecraft:dirt":5,"minecraft:acacia_sign":1,"minecraft:stone":168,"minecraft:oak_leaves":3,"minecraft:deepslate":51},"minecraft:killed":{"minecraft:skeleton":2},"minecraft:used":{"minecraft:water_bucket":1,"minecraft:stone_sword":11,"minecraft:stone_shovel":4,"minecraft:stone_pickaxe":231,"minecraft:wooden_pickaxe":23,"minecraft:oak_door":3,"minecraft:torch":21,"minecraft:crafting_table":5,"minecraft:carrot":3,"minecraft:white_bed":1,"minecraft:granite":1,"minecraft:wooden_axe":17,"minecraft:acacia_sign":4,"minecraft:bread":13,"minecraft:iron_pickaxe":3,"minecraft:stone_axe":4,"minecraft:cobblestone":21,"minecraft:oak_sapling":1,"minecraft:furnace":2,"minecraft:bucket":2,"minecraft:egg":2},"minecraft:dropped":{"minecraft:oak_sapling":4},"minecraft:picked_up":{"minecraft:crafting_table":4,"minecraft:andesite":7,"minecraft:oak_log":13,"minecraft:lapis_lazuli":29,"minecraft:dirt":5,"minecraft:apple":1,"minecraft:cobbled_deepslate":36,"minecraft:raw_gold":1,"minecraft:acacia_sign":1,"minecraft:egg":2,"minecraft:furnace":2,"minecraft:raw_iron":14,"minecraft:torch":5,"minecraft:acacia_log":7,"minecraft:white_bed":2,"minecraft:carrot":12,"minecraft:diamond":1,"minecraft:granite":3,"minecraft:bread":24,"minecraft:oak_sapling":5,"minecraft:cobblestone":170}},"DataVersion":3465}