{"stats":{"minecraft:custom":{"minecraft:time_since_rest":5610,"minecraft:interact_with_furnace":1,"minecraft:sprint_one_cm":96456,"minecraft:damage_taken":90,"minecraft:walk_one_cm":41473,"minecraft:drop":4,"minecraft:swim_one_cm":7369,"minecraft:interact_with_crafting_table":4,"minecraft:fly_one_cm":40800,"minecraft:open_chest":2,"minecraft:crouch_one_cm":1688,"minecraft:play_time":31427,"minecraft:sneak_time":1535,"minecraft:walk_under_water_one_cm":2088,"minecraft:jump":185,"minecraft:walk_on_water_one_cm":4949,"minecraft:time_since_death":31427,"minecraft:sleep_in_bed":2,"minecraft:total_world_time":31427,"minecraft:fall_one_cm":1707},"minecraft:broken":{"minecraft:stone_pickaxe":1},"minecraft:crafted":{"minecraft:oak_planks":20,"minecraft:stone_shovel":1,"minecraft:charcoal":4,"minecraft:acacia_sign":3,"minecraft:crafting_table":1,"minecraft:stick":20,"minecraft:iron_ingot":2,"minecraft:wooden_pickaxe":1,"minecraft:stone_pickaxe":3,"minecraft:wooden_axe":1,"minecraft:stone_sword":1,"minecraft:furnace":1,"minecraft:acacia_planks":28,"minecraft:torch":16,"minecraft:stone_axe":1},"minecraft:mined":{"minecraft:acacia_leaves":1,"minecraft:white_bed":2,"minecraft:furnace":1,"minecraft:carrots":3,"minecraft:iron_ore":12,"minecraft:andesite":7,"minecraft:torch":1,"minecraft:crafting_table":3,"minecraft:granite":3,"minecraft:grass":1,"minecraft:acacia_log":7,"minecraft:oak_log":13,"minecraft:dirt":5,"minecraft:acacia_sign":1,"minecraft:stone":168,"minecraft:oak_leaves":3,"minecraft:deepslate":40,"minecraft:wall_torch":2},"minecraft:used":{"minecraft:wooden_axe":17,"minecraft:acacia_sign":4,"minecraft:stone_shovel":4,"minecraft:bread":5,"minecraft:stone_pickaxe":210,"minecraft:wooden_pickaxe":23,"minecraft:stone_axe":2,"minecraft:torch":12,"minecraft:cobblestone":13,"minecraft:crafting_table":3,"minecraft:furnace":1,"minecraft:oak_sapling":1,"minecraft:carrot":3,"minecraft:white_bed":1,"minecraft:egg":2,"minecraft:granite":1},"minecraft:dropped":{"minecraft:oak_sapling":4},"minecraft:picked_up":{"minecraft:raw_iron":12,"minecraft:crafting_table":3,"minecraft:andesite":7,"minecraft:torch":3,"minecraft:acacia_log":7,"minecraft:oak_log":13,"minecraft:white_bed":2,"minecraft:carrot":12,"minecraft:dirt":5,"minecraft:apple":1,"minecraft:cobbled_deepslate":25,"minecraft:granite":3,"minecraft:acacia_sign":1,"minecraft:bread":24,"minecraft:oak_sapling":5,"minecraft:furnace":1,"minecraft:cobblestone":168,"minecraft:egg":2}},"DataVersion":3465}