{"stats":{"minecraft:custom":{"minecraft:time_since_rest":12092,"minecraft:sprint_one_cm":96456,"minecraft:damage_taken":90,"minecraft:walk_one_cm":35299,"minecraft:drop":4,"minecraft:swim_one_cm":7369,"minecraft:interact_with_crafting_table":3,"minecraft:fly_one_cm":40800,"minecraft:open_chest":2,"minecraft:crouch_one_cm":51,"minecraft:play_time":19427,"minecraft:sneak_time":46,"minecraft:walk_under_water_one_cm":2088,"minecraft:jump":182,"minecraft:walk_on_water_one_cm":4949,"minecraft:time_since_death":19427,"minecraft:sleep_in_bed":1,"minecraft:total_world_time":19427,"minecraft:fall_one_cm":1707},"minecraft:crafted":{"minecraft:stone_shovel":1,"minecraft:acacia_sign":3,"minecraft:crafting_table":1,"minecraft:stick":12,"minecraft:wooden_pickaxe":1,"minecraft:stone_pickaxe":1,"minecraft:wooden_axe":1,"minecraft:stone_sword":1,"minecraft:furnace":1,"minecraft:acacia_planks":28,"minecraft:stone_axe":1},"minecraft:mined":{"minecraft:acacia_leaves":1,"minecraft:white_bed":1,"minecraft:carrots":3,"minecraft:crafting_table":1,"minecraft:grass":1,"minecraft:acacia_log":7,"minecraft:oak_log":13,"minecraft:acacia_sign":1,"minecraft:stone":23,"minecraft:oak_leaves":3},"minecraft:used":{"minecraft:wooden_axe":17,"minecraft:acacia_sign":4,"minecraft:bread":3,"minecraft:wooden_pickaxe":23,"minecraft:cobblestone":1,"minecraft:crafting_table":2,"minecraft:oak_sapling":1,"minecraft:carrot":3,"minecraft:egg":2},"minecraft:dropped":{"minecraft:oak_sapling":4},"minecraft:picked_up":{"minecraft:crafting_table":1,"minecraft:acacia_log":7,"minecraft:oak_log":13,"minecraft:white_bed":1,"minecraft:carrot":12,"minecraft:apple":1,"minecraft:acacia_sign":1,"minecraft:bread":24,"minecraft:oak_sapling":5,"minecraft:cobblestone":23,"minecraft:egg":2}},"DataVersion":3465}