{"stats":{"minecraft:killed":{"minecraft:skeleton":2,"minecraft:zombie":3,"minecraft:cow":1},"minecraft:dropped":{"minecraft:wheat_seeds":1,"minecraft:stick":2},"minecraft:mined":{"minecraft:oak_slab":2,"minecraft:acacia_leaves":8,"minecraft:white_bed":4,"minecraft:cobblestone_stairs":3,"minecraft:oak_fence":6,"minecraft:clay":8,"minecraft:torch":1,"minecraft:acacia_log":65,"minecraft:grass_block":5,"minecraft:chest":2,"minecraft:cobblestone":42,"minecraft:lapis_ore":3,"minecraft:sugar_cane":13,"minecraft:oak_planks":5,"minecraft:wall_torch":5,"minecraft:redstone_ore":2,"minecraft:iron_ore":8,"minecraft:andesite":3,"minecraft:stone_brick_stairs":1,"minecraft:grass":3,"minecraft:oak_log":90,"minecraft:coal_ore":45,"minecraft:dirt_path":1,"minecraft:oak_stairs":2,"minecraft:dirt":88,"minecraft:stone":417,"minecraft:stone_bricks":3,"minecraft:gold_ore":4,"minecraft:white_wool":2,"minecraft:oak_leaves":33},"minecraft:custom":{"minecraft:interact_with_furnace":71,"minecraft:mob_kills":6,"minecraft:interact_with_crafting_table":35,"minecraft:pot_flower":8,"minecraft:leave_game":1,"minecraft:time_since_death":104248,"minecraft:sleep_in_bed":1,"minecraft:time_since_rest":71222,"minecraft:sprint_one_cm":278337,"minecraft:damage_taken":102,"minecraft:walk_one_cm":274550,"minecraft:drop":2,"minecraft:damage_dealt":1100,"minecraft:swim_one_cm":28541,"minecraft:talked_to_villager":1,"minecraft:fly_one_cm":195347,"minecraft:open_chest":105,"minecraft:crouch_one_cm":2086,"minecraft:play_time":104248,"minecraft:sneak_time":1445,"minecraft:walk_under_water_one_cm":8822,"minecraft:jump":1093,"minecraft:walk_on_water_one_cm":8729,"minecraft:total_world_time":104248,"minecraft:fall_one_cm":23275},"minecraft:used":{"minecraft:oak_fence":10,"minecraft:cobblestone_stairs":13,"minecraft:iron_shovel":94,"minecraft:baked_potato":15,"minecraft:oak_planks":3,"minecraft:chest":30,"minecraft:stone":1,"minecraft:diamond_axe":196,"minecraft:oak_leaves":17,"minecraft:white_wool":2,"minecraft:torch":28,"minecraft:dirt":2,"minecraft:oak_slab":12,"minecraft:white_bed":4,"minecraft:oak_log":44,"minecraft:flower_pot":8,"minecraft:diamond_pickaxe":532,"minecraft:apple":1,"minecraft:oak_stairs":4,"minecraft:lantern":2,"minecraft:oak_pressure_plate":10,"minecraft:stone_brick_stairs":23,"minecraft:stone_bricks":166,"minecraft:diamond_sword":14,"minecraft:cobblestone":110},"minecraft:crafted":{"minecraft:brick":32,"minecraft:oak_planks":164,"minecraft:oak_pressure_plate":10,"minecraft:cobblestone_stairs":12,"minecraft:stone":292,"minecraft:air":0,"minecraft:stone_brick_stairs":24,"minecraft:iron_boots":1,"minecraft:iron_chestplate":1,"minecraft:stick":12,"minecraft:iron_ingot":56,"minecraft:oak_stairs":4,"minecraft:chest":28,"minecraft:gold_ingot":5,"minecraft:iron_shovel":1,"minecraft:iron_leggings":1,"minecraft:acacia_planks":256,"minecraft:torch":24,"minecraft:stone_bricks":268,"minecraft:oak_fence":12,"minecraft:flower_pot":8},"minecraft:picked_up":{"minecraft:clay_ball":32,"minecraft:andesite":3,"minecraft:leather":13,"minecraft:diamond_sword":1,"minecraft:oak_stairs":2,"minecraft:stone_brick_stairs":1,"minecraft:oak_log":90,"minecraft:cobblestone_stairs":3,"minecraft:lapis_lazuli":26,"minecraft:dirt":158,"minecraft:lantern":2,"minecraft:bone":4,"minecraft:apple":6,"minecraft:stone_bricks":3,"minecraft:bow":1,"minecraft:wheat_seeds":1,"minecraft:raw_gold":20,"minecraft:beef":2,"minecraft:iron_ingot":64,"minecraft:diamond_helmet":1,"minecraft:sugar_cane":24,"minecraft:chest":2,"minecraft:oak_planks":5,"minecraft:oak_slab":2,"minecraft:stick":6,"minecraft:raw_iron":8,"minecraft:oak_fence":6,"minecraft:torch":18,"minecraft:acacia_log":64,"minecraft:white_bed":4,"minecraft:redstone":9,"minecraft:arrow":21,"minecraft:rotten_flesh":3,"minecraft:diamond_axe":1,"minecraft:baked_potato":64,"minecraft:oak_sapling":8,"minecraft:coal":44,"minecraft:white_wool":5,"minecraft:cobblestone":459,"minecraft:diamond_pickaxe":1}},"DataVersion":3465}