{"stats":{"minecraft:picked_up":{"minecraft:clay_ball":32,"minecraft:andesite":3,"minecraft:leather":1,"minecraft:diamond_sword":1,"minecraft:oak_stairs":2,"minecraft:oak_log":85,"minecraft:lapis_lazuli":26,"minecraft:dirt":67,"minecraft:lantern":2,"minecraft:bone":4,"minecraft:apple":3,"minecraft:bow":1,"minecraft:raw_gold":3,"minecraft:iron_ingot":64,"minecraft:beef":2,"minecraft:diamond_helmet":1,"minecraft:oak_planks":5,"minecraft:raw_iron":8,"minecraft:oak_slab":2,"minecraft:stick":4,"minecraft:oak_fence":6,"minecraft:torch":11,"minecraft:white_bed":4,"minecraft:redstone":9,"minecraft:rotten_flesh":3,"minecraft:arrow":3,"minecraft:diamond_axe":1,"minecraft:baked_potato":64,"minecraft:oak_sapling":8,"minecraft:coal":44,"minecraft:white_wool":5,"minecraft:cobblestone":359,"minecraft:diamond_pickaxe":1},"minecraft:used":{"minecraft:oak_fence":10,"minecraft:iron_shovel":72,"minecraft:baked_potato":11,"minecraft:oak_planks":3,"minecraft:chest":2,"minecraft:stone":1,"minecraft:diamond_axe":113,"minecraft:oak_leaves":17,"minecraft:white_wool":2,"minecraft:torch":18,"minecraft:dirt":2,"minecraft:oak_slab":2,"minecraft:white_bed":4,"minecraft:oak_log":44,"minecraft:flower_pot":7,"minecraft:diamond_pickaxe":424,"minecraft:apple":1,"minecraft:oak_stairs":4,"minecraft:lantern":2,"minecraft:oak_pressure_plate":10,"minecraft:stone_bricks":32,"minecraft:diamond_sword":14,"minecraft:cobblestone":63},"minecraft:crafted":{"minecraft:brick":32,"minecraft:oak_planks":164,"minecraft:oak_pressure_plate":10,"minecraft:stone":33,"minecraft:air":0,"minecraft:iron_boots":1,"minecraft:iron_chestplate":1,"minecraft:stick":12,"minecraft:iron_ingot":51,"minecraft:oak_stairs":4,"minecraft:chest":14,"minecraft:iron_shovel":1,"minecraft:iron_leggings":1,"minecraft:torch":24,"minecraft:stone_bricks":32,"minecraft:oak_fence":12,"minecraft:flower_pot":8},"minecraft:custom":{"minecraft:interact_with_furnace":26,"minecraft:mob_kills":6,"minecraft:interact_with_crafting_table":17,"minecraft:pot_flower":7,"minecraft:time_since_death":78120,"minecraft:sleep_in_bed":1,"minecraft:time_since_rest":45094,"minecraft:sprint_one_cm":209476,"minecraft:walk_one_cm":186894,"minecraft:damage_taken":102,"minecraft:damage_dealt":1100,"minecraft:swim_one_cm":26352,"minecraft:talked_to_villager":1,"minecraft:fly_one_cm":167706,"minecraft:open_chest":24,"minecraft:crouch_one_cm":805,"minecraft:play_time":78120,"minecraft:sneak_time":669,"minecraft:walk_under_water_one_cm":8483,"minecraft:jump":799,"minecraft:walk_on_water_one_cm":7641,"minecraft:total_world_time":78120,"minecraft:fall_one_cm":21001},"minecraft:killed":{"minecraft:skeleton":2,"minecraft:zombie":3,"minecraft:cow":1},"minecraft:mined":{"minecraft:oak_slab":2,"minecraft:white_bed":4,"minecraft:oak_fence":6,"minecraft:clay":8,"minecraft:torch":1,"minecraft:grass_block":5,"minecraft:cobblestone":33,"minecraft:lapis_ore":3,"minecraft:oak_planks":5,"minecraft:wall_torch":1,"minecraft:redstone_ore":2,"minecraft:iron_ore":8,"minecraft:andesite":3,"minecraft:coal_ore":45,"minecraft:oak_log":85,"minecraft:dirt_path":1,"minecraft:oak_stairs":2,"minecraft:dirt":61,"minecraft:stone":326,"minecraft:gold_ore":4,"minecraft:white_wool":2,"minecraft:oak_leaves":33}},"DataVersion":3465}