{"stats":{"minecraft:picked_up":{"minecraft:oak_slab":2,"minecraft:stick":1,"minecraft:leather":1,"minecraft:oak_fence":3,"minecraft:diamond_sword":1,"minecraft:oak_stairs":2,"minecraft:oak_log":78,"minecraft:white_bed":2,"minecraft:lantern":2,"minecraft:apple":1,"minecraft:beef":2,"minecraft:iron_ingot":64,"minecraft:diamond_axe":1,"minecraft:diamond_helmet":1,"minecraft:baked_potato":64,"minecraft:oak_sapling":3,"minecraft:white_wool":3,"minecraft:diamond_pickaxe":1},"minecraft:used":{"minecraft:oak_log":8,"minecraft:oak_fence":3,"minecraft:apple":1,"minecraft:lantern":2,"minecraft:oak_stairs":1,"minecraft:baked_potato":4,"minecraft:diamond_axe":96,"minecraft:oak_leaves":9,"minecraft:oak_slab":2,"minecraft:white_bed":2},"minecraft:crafted":{"minecraft:iron_chestplate":1,"minecraft:iron_boots":1,"minecraft:iron_ingot":51,"minecraft:iron_leggings":1,"minecraft:air":0},"minecraft:custom":{"minecraft:time_since_rest":30120,"minecraft:interact_with_furnace":5,"minecraft:sprint_one_cm":100357,"minecraft:damage_taken":30,"minecraft:walk_one_cm":44957,"minecraft:mob_kills":1,"minecraft:damage_dealt":100,"minecraft:swim_one_cm":11081,"minecraft:interact_with_crafting_table":2,"minecraft:fly_one_cm":80864,"minecraft:open_chest":13,"minecraft:crouch_one_cm":454,"minecraft:play_time":30120,"minecraft:sneak_time":79,"minecraft:walk_under_water_one_cm":477,"minecraft:jump":291,"minecraft:walk_on_water_one_cm":1376,"minecraft:time_since_death":30120,"minecraft:total_world_time":30120,"minecraft:fall_one_cm":8475},"minecraft:killed":{"minecraft:cow":1},"minecraft:mined":{"minecraft:oak_slab":2,"minecraft:white_bed":2,"minecraft:oak_fence":3,"minecraft:oak_log":78,"minecraft:oak_stairs":2,"minecraft:oak_leaves":18}},"DataVersion":3465}