{"stats":{"minecraft:picked_up":{"minecraft:oak_fence":2,"minecraft:diamond_sword":1,"minecraft:oak_stairs":2,"minecraft:iron_ingot":64,"minecraft:diamond_axe":1,"minecraft:white_bed":2,"minecraft:baked_potato":64,"minecraft:diamond_helmet":1,"minecraft:lantern":2,"minecraft:diamond_pickaxe":1},"minecraft:used":{"minecraft:oak_leaves":9,"minecraft:oak_fence":1,"minecraft:oak_stairs":1,"minecraft:lantern":2,"minecraft:baked_potato":2,"minecraft:white_bed":2,"minecraft:diamond_axe":2},"minecraft:crafted":{"minecraft:iron_leggings":1,"minecraft:iron_boots":1,"minecraft:iron_chestplate":1,"minecraft:iron_ingot":51,"minecraft:air":0},"minecraft:custom":{"minecraft:time_since_rest":18120,"minecraft:open_chest":10,"minecraft:crouch_one_cm":54,"minecraft:play_time":18120,"minecraft:interact_with_furnace":3,"minecraft:sprint_one_cm":41834,"minecraft:walk_one_cm":23370,"minecraft:sneak_time":18,"minecraft:walk_under_water_one_cm":176,"minecraft:jump":129,"minecraft:time_since_death":18120,"minecraft:walk_on_water_one_cm":1105,"minecraft:total_world_time":18120,"minecraft:interact_with_crafting_table":2,"minecraft:fall_one_cm":3820,"minecraft:swim_one_cm":3220,"minecraft:fly_one_cm":36153},"minecraft:mined":{"minecraft:white_bed":2,"minecraft:oak_stairs":2,"minecraft:oak_leaves":1,"minecraft:oak_fence":2}},"DataVersion":3465}