{"stats":{"minecraft:picked_up":{"minecraft:oak_fence":1,"minecraft:diamond_sword":1,"minecraft:iron_ingot":64,"minecraft:diamond_axe":1,"minecraft:baked_potato":64,"minecraft:diamond_helmet":1,"minecraft:diamond_pickaxe":1},"minecraft:used":{"minecraft:oak_fence":1,"minecraft:baked_potato":1},"minecraft:crafted":{"minecraft:iron_leggings":1,"minecraft:iron_boots":1,"minecraft:iron_chestplate":1,"minecraft:iron_ingot":51,"minecraft:air":0},"minecraft:custom":{"minecraft:time_since_rest":6120,"minecraft:open_chest":5,"minecraft:crouch_one_cm":3,"minecraft:play_time":6120,"minecraft:interact_with_furnace":3,"minecraft:sprint_one_cm":13449,"minecraft:walk_one_cm":8220,"minecraft:sneak_time":13,"minecraft:walk_under_water_one_cm":176,"minecraft:jump":88,"minecraft:time_since_death":6120,"minecraft:walk_on_water_one_cm":1105,"minecraft:total_world_time":6120,"minecraft:interact_with_crafting_table":1,"minecraft:fall_one_cm":2775,"minecraft:swim_one_cm":3220,"minecraft:fly_one_cm":25115},"minecraft:mined":{"minecraft:oak_fence":1}},"DataVersion":3465}