{"stats":{"minecraft:picked_up":{"minecraft:oak_slab":2,"minecraft:stick":4,"minecraft:clay_ball":32,"minecraft:leather":1,"minecraft:oak_fence":6,"minecraft:diamond_sword":1,"minecraft:oak_stairs":2,"minecraft:oak_log":84,"minecraft:white_bed":4,"minecraft:dirt":1,"minecraft:lantern":2,"minecraft:rotten_flesh":2,"minecraft:apple":3,"minecraft:beef":2,"minecraft:iron_ingot":64,"minecraft:diamond_axe":1,"minecraft:diamond_helmet":1,"minecraft:baked_potato":64,"minecraft:oak_sapling":8,"minecraft:oak_planks":2,"minecraft:white_wool":5,"minecraft:diamond_pickaxe":1},"minecraft:used":{"minecraft:oak_log":11,"minecraft:oak_fence":10,"minecraft:flower_pot":7,"minecraft:apple":1,"minecraft:iron_shovel":9,"minecraft:lantern":2,"minecraft:oak_stairs":1,"minecraft:baked_potato":8,"minecraft:oak_planks":2,"minecraft:oak_pressure_plate":10,"minecraft:diamond_axe":109,"minecraft:oak_leaves":15,"minecraft:white_wool":2,"minecraft:dirt":1,"minecraft:diamond_sword":5,"minecraft:oak_slab":2,"minecraft:white_bed":4},"minecraft:crafted":{"minecraft:brick":29,"minecraft:oak_planks":44,"minecraft:iron_chestplate":1,"minecraft:iron_boots":1,"minecraft:stick":12,"minecraft:oak_pressure_plate":10,"minecraft:iron_ingot":51,"minecraft:iron_shovel":1,"minecraft:iron_leggings":1,"minecraft:oak_fence":12,"minecraft:flower_pot":8,"minecraft:air":0},"minecraft:custom":{"minecraft:time_since_rest":21094,"minecraft:interact_with_furnace":9,"minecraft:sprint_one_cm":167360,"minecraft:damage_taken":50,"minecraft:walk_one_cm":86420,"minecraft:mob_kills":3,"minecraft:damage_dealt":500,"minecraft:talked_to_villager":1,"minecraft:swim_one_cm":21294,"minecraft:interact_with_crafting_table":11,"minecraft:fly_one_cm":144845,"minecraft:open_chest":15,"minecraft:crouch_one_cm":605,"minecraft:play_time":54120,"minecraft:sneak_time":422,"minecraft:walk_under_water_one_cm":3010,"minecraft:pot_flower":6,"minecraft:jump":537,"minecraft:walk_on_water_one_cm":3220,"minecraft:time_since_death":54120,"minecraft:sleep_in_bed":1,"minecraft:total_world_time":54120,"minecraft:fall_one_cm":15966},"minecraft:killed":{"minecraft:zombie":2,"minecraft:cow":1},"minecraft:mined":{"minecraft:oak_slab":2,"minecraft:white_bed":4,"minecraft:clay":8,"minecraft:oak_fence":6,"minecraft:oak_log":84,"minecraft:dirt_path":1,"minecraft:oak_stairs":2,"minecraft:oak_planks":2,"minecraft:white_wool":2,"minecraft:oak_leaves":33}},"DataVersion":3465}