{"stats":{"minecraft:picked_up":{"minecraft:oak_slab":2,"minecraft:stick":1,"minecraft:clay_ball":32,"minecraft:leather":1,"minecraft:oak_fence":5,"minecraft:diamond_sword":1,"minecraft:oak_stairs":2,"minecraft:oak_log":78,"minecraft:white_bed":4,"minecraft:dirt":1,"minecraft:lantern":2,"minecraft:rotten_flesh":2,"minecraft:apple":1,"minecraft:beef":2,"minecraft:iron_ingot":64,"minecraft:diamond_axe":1,"minecraft:diamond_helmet":1,"minecraft:baked_potato":64,"minecraft:oak_sapling":3,"minecraft:white_wool":5,"minecraft:diamond_pickaxe":1},"minecraft:used":{"minecraft:oak_log":8,"minecraft:oak_fence":5,"minecraft:apple":1,"minecraft:iron_shovel":9,"minecraft:lantern":2,"minecraft:oak_stairs":1,"minecraft:baked_potato":5,"minecraft:oak_planks":2,"minecraft:diamond_axe":98,"minecraft:oak_leaves":9,"minecraft:white_wool":2,"minecraft:dirt":1,"minecraft:diamond_sword":5,"minecraft:oak_slab":2,"minecraft:white_bed":2},"minecraft:crafted":{"minecraft:oak_planks":4,"minecraft:iron_chestplate":1,"minecraft:iron_boots":1,"minecraft:stick":4,"minecraft:iron_ingot":51,"minecraft:iron_shovel":1,"minecraft:iron_leggings":1,"minecraft:air":0},"minecraft:custom":{"minecraft:time_since_rest":9094,"minecraft:interact_with_furnace":7,"minecraft:sprint_one_cm":119972,"minecraft:damage_taken":50,"minecraft:walk_one_cm":67295,"minecraft:mob_kills":3,"minecraft:damage_dealt":500,"minecraft:talked_to_villager":1,"minecraft:swim_one_cm":19300,"minecraft:interact_with_crafting_table":4,"minecraft:fly_one_cm":89164,"minecraft:open_chest":15,"minecraft:crouch_one_cm":594,"minecraft:play_time":42120,"minecraft:sneak_time":396,"minecraft:walk_under_water_one_cm":2746,"minecraft:jump":339,"minecraft:walk_on_water_one_cm":2490,"minecraft:time_since_death":42120,"minecraft:sleep_in_bed":1,"minecraft:total_world_time":42120,"minecraft:fall_one_cm":9580},"minecraft:killed":{"minecraft:zombie":2,"minecraft:cow":1},"minecraft:mined":{"minecraft:oak_slab":2,"minecraft:white_bed":4,"minecraft:clay":8,"minecraft:oak_fence":5,"minecraft:oak_log":78,"minecraft:dirt_path":1,"minecraft:oak_stairs":2,"minecraft:white_wool":2,"minecraft:oak_leaves":18}},"DataVersion":3465}